Uniqid,Category,Startdate,Starttime,Endtime,Cheetos Crunchy,Cheetos Crunchy Flamin' Hot,Cheetos Puffs,Chesters Flamin' Hot Fries,Doritos Cool Ranch,Doritos Jacked Smoky Chipotle BBQ,Doritos Nacho Cheese,Doritos Spicy Sweet Chili,Fritos Bar-B-Q,Fritos Chili Cheese,Fritos Flavor Twists Honey BBQ,Fritos The Original,Funyuns The Original,Lay's Baked Original,Lay's Barbecue,Lay's Classic,Lay's Dill Pickle,Lay's Garden Tomato and Basil,Lay's Kettle Cooked Mesquite BBQ,Lay's Kettle Cooked Original,Lay's Salt and Vinegar,Lay's Sour Cream and Onion,Lay's Sweet Southern Heat BBQ,Ruffles Cheddar and Sour Cream,Ruffles Sour Cream and Onion,Smartfood Popcorn White Cheddar,Sunchips French Onion,Sunchips Harvest Cheddar,Doritos Spicy Nacho,Comment
1371,1,9/30/13,12:03:51,12:05:01,0,0,0,0,0,0,0,0,0,0,0,0,1,1,0,0,0,0,1,1,0,0,0,0,0,0,0,0,0,
1371,2,9/30/13,12:03:51,12:05:01,0,0,1,0,0,0,0,0,0,1,0,0,0,0,1,1,0,0,0,0,0,0,0,0,0,0,0,0,0,
1371,3,9/30/13,12:03:51,12:05:01,1,1,0,1,1,1,1,1,1,0,1,1,0,0,0,0,1,1,0,0,1,1,1,1,1,1,1,1,1,
1372,1,9/30/13,12:04:11,12:06:37,0,0,0,0,0,0,0,0,0,0,0,0,0,0,0,0,0,0,0,0,1,0,0,0,0,1,0,0,0,
1372,2,9/30/13,12:04:11,12:06:37,1,0,0,0,1,0,0,0,0,0,0,1,0,1,0,1,0,0,0,0,0,0,0,0,0,0,0,0,0,
1372,3,9/30/13,12:04:11,12:06:37,0,1,1,1,0,1,1,1,1,1,1,0,1,0,1,0,1,1,1,1,0,1,1,1,1,0,1,1,1,
1373,1,9/30/13,12:04:13,12:06:46,0,0,0,0,0,0,0,0,0,0,0,1,0,1,0,0,0,1,1,1,0,0,0,0,0,1,1,1,0,
1373,2,9/30/13,12:04:13,12:06:46,0,0,0,0,0,0,0,0,0,0,0,0,0,0,1,1,0,0,0,0,0,1,0,0,1,0,0,0,0,
1373,3,9/30/13,12:04:13,12:06:46,1,0,0,0,1,0,1,0,0,0,0,0,0,0,0,0,0,0,0,0,0,0,1,1,0,0,0,0,0,
1373,4,9/30/13,12:04:13,12:06:46,0,1,1,1,0,1,0,1,1,1,1,0,1,0,0,0,1,0,0,0,1,0,0,0,0,0,0,0,1,
1374,1,9/30/13,12:04:34,12:06:54,0,0,0,0,1,0,0,0,0,0,0,0,0,1,1,0,0,0,0,0,0,1,0,0,1,1,0,0,0,
1374,2,9/30/13,12:04:34,12:06:54,0,0,0,0,0,0,1,0,1,0,1,1,0,0,0,1,0,0,1,1,0,0,0,1,0,0,1,1,0,
1374,3,9/30/13,12:04:34,12:06:54,1,1,1,1,0,1,0,1,0,1,0,0,1,0,0,0,1,1,0,0,1,0,1,0,0,0,0,0,1,
1375,1,9/30/13,12:04:29,12:07:26,0,0,0,0,0,0,0,0,0,0,0,0,0,0,1,1,0,1,1,1,1,1,1,0,1,0,1,0,0,
1375,2,9/30/13,12:04:29,12:07:26,1,0,1,0,1,0,0,0,0,0,0,0,0,1,0,0,0,0,0,0,0,0,0,0,0,0,0,1,0,
1375,3,9/30/13,12:04:29,12:07:26,0,1,0,0,0,1,1,0,0,0,0,1,0,0,0,0,0,0,0,0,0,0,0,0,0,0,0,0,1,
1375,4,9/30/13,12:04:29,12:07:26,0,0,0,1,0,0,0,1,1,1,1,0,1,0,0,0,1,0,0,0,0,0,0,1,0,1,0,0,0,
1377,1,9/30/13,12:07:45,12:09:44,1,1,0,1,1,0,1,0,0,0,0,0,0,0,0,1,0,0,0,0,0,1,0,1,0,0,0,0,1,
1377,2,9/30/13,12:07:45,12:09:44,0,0,1,0,0,0,0,0,0,0,0,0,0,0,1,0,0,0,0,1,0,0,0,0,1,0,0,0,0,
1377,3,9/30/13,12:07:45,12:09:44,0,0,0,0,0,1,0,1,0,0,0,1,0,0,0,0,0,1,1,0,1,0,1,0,0,1,0,0,0,
1377,4,9/30/13,12:07:45,12:09:44,0,0,0,0,0,0,0,0,1,1,1,0,1,1,0,0,1,0,0,0,0,0,0,0,0,0,1,1,0,
1378,1,9/30/13,12:07:34,12:10:36,0,0,0,0,0,0,1,0,0,0,0,1,0,0,0,0,0,0,0,0,0,0,0,0,0,0,0,0,0,
1378,2,9/30/13,12:07:34,12:10:36,0,0,0,0,0,0,0,0,0,0,0,0,0,1,0,0,0,0,0,0,0,0,0,0,0,1,1,1,0,
1378,3,9/30/13,12:07:34,12:10:36,1,1,1,0,1,1,0,0,1,0,0,0,0,0,1,0,0,0,1,1,0,1,1,1,1,0,0,0,1,
1378,4,9/30/13,12:07:34,12:10:36,0,0,0,0,0,0,0,0,0,1,1,0,0,0,0,1,0,0,0,0,1,0,0,0,0,0,0,0,0,
1378,5,9/30/13,12:07:34,12:10:36,0,0,0,1,0,0,0,1,0,0,0,0,1,0,0,0,1,1,0,0,0,0,0,0,0,0,0,0,0,
1379,1,9/30/13,12:07:05,12:11:14,1,0,0,0,0,0,0,0,0,0,0,1,0,0,0,1,0,0,0,0,0,0,0,0,1,0,0,1,0,
1379,2,9/30/13,12:07:05,12:11:14,0,1,1,0,0,0,0,0,1,1,0,0,0,0,0,0,0,0,0,0,0,1,0,0,0,1,0,0,0,
1379,3,9/30/13,12:07:05,12:11:14,0,0,0,1,1,1,1,0,0,0,0,0,0,1,1,0,1,0,1,0,0,0,1,1,0,0,1,0,1,
1379,4,9/30/13,12:07:05,12:11:14,0,0,0,0,0,0,0,1,0,0,1,0,1,0,0,0,0,1,0,1,1,0,0,0,0,0,0,0,0,
1380,1,9/30/13,12:08:40,12:11:17,0,0,0,0,1,0,1,0,0,0,0,0,0,0,1,0,0,0,0,0,1,0,0,0,0,1,1,0,0,
1380,2,9/30/13,12:08:40,12:11:17,1,0,0,0,0,0,0,0,0,0,0,1,1,1,0,0,0,0,0,0,0,1,0,0,0,0,0,0,0,
1380,3,9/30/13,12:08:40,12:11:17,0,1,1,1,0,1,0,1,1,1,1,0,0,0,0,1,1,1,1,1,0,0,1,1,1,0,0,1,1,
1381,1,9/30/13,12:14:18,12:15:55,0,0,0,0,0,0,0,0,0,0,0,1,0,1,0,0,0,1,1,1,0,0,0,0,0,1,1,0,0,
1381,2,9/30/13,12:14:18,12:15:55,0,0,0,0,0,0,0,0,0,0,0,0,0,0,1,1,0,0,0,0,0,1,1,0,0,0,0,0,0,
1381,3,9/30/13,12:14:18,12:15:55,1,0,0,0,1,0,1,0,0,0,0,0,0,0,0,0,0,0,0,0,0,0,0,1,1,0,0,0,0,
1381,4,9/30/13,12:14:18,12:15:55,0,1,1,1,0,1,0,1,1,1,1,0,1,0,0,0,1,0,0,0,1,0,0,0,0,0,0,1,1,
1382,1,9/30/13,13:13:09,13:16:28,0,0,0,1,1,0,1,0,0,0,0,1,0,0,0,0,0,0,0,0,1,0,0,0,0,0,0,0,1,
1382,2,9/30/13,13:13:09,13:16:28,1,1,0,0,0,0,0,0,0,1,0,0,0,0,1,1,0,0,1,1,0,0,1,0,0,0,0,0,0,
1382,3,9/30/13,13:13:09,13:16:28,0,0,1,0,0,0,0,0,0,0,0,0,0,0,0,0,0,1,0,0,0,0,0,0,0,0,0,0,0,
1382,4,9/30/13,13:13:09,13:16:28,0,0,0,0,0,1,0,1,1,0,1,0,1,1,0,0,1,0,0,0,0,1,0,1,1,1,1,1,0,
1383,1,9/30/13,13:13:29,13:16:51,0,0,0,0,1,0,0,1,0,0,0,0,0,1,0,0,0,0,0,0,0,0,0,0,0,1,1,1,0,
1383,2,9/30/13,13:13:29,13:16:51,0,0,0,0,0,1,1,0,0,1,1,1,0,0,1,0,0,0,1,0,1,1,1,0,1,0,0,0,1,
1383,3,9/30/13,13:13:29,13:16:51,1,1,1,1,0,0,0,0,1,0,0,0,1,0,0,1,1,1,0,1,0,0,0,1,0,0,0,0,0,
1384,1,9/30/13,13:16:54,13:18:40,0,0,0,1,0,1,0,1,1,1,1,0,1,0,1,0,0,0,1,0,1,0,1,0,0,0,1,0,0,
1384,2,9/30/13,13:16:54,13:18:40,0,1,0,0,1,0,0,0,0,0,0,0,0,1,0,0,1,1,0,1,0,0,0,0,0,1,0,0,1,
1384,3,9/30/13,13:16:54,13:18:40,1,0,1,0,0,0,1,0,0,0,0,1,0,0,0,1,0,0,0,0,0,1,0,1,1,0,0,1,0,
1385,1,9/30/13,13:19:34,13:20:55,0,0,1,0,0,0,1,0,0,0,0,0,1,0,0,0,0,0,0,0,0,0,0,0,0,0,0,0,1,
1385,2,9/30/13,13:19:34,13:20:55,0,0,0,0,1,1,0,1,0,0,0,0,0,0,0,1,0,0,0,0,0,0,0,0,0,1,0,0,0,
1385,3,9/30/13,13:19:34,13:20:55,1,1,0,0,0,0,0,0,1,0,0,0,0,0,1,0,0,0,1,0,0,1,0,0,0,0,0,0,0,
1385,4,9/30/13,13:19:34,13:20:55,0,0,0,1,0,0,0,0,0,1,1,1,0,1,0,0,1,1,0,1,1,0,1,1,1,0,1,1,0,
1387,1,9/30/13,13:20:52,13:24:49,0,0,0,0,0,0,0,0,0,0,0,1,0,0,0,0,0,0,0,1,0,0,0,0,0,1,0,0,0,
1387,2,9/30/13,13:20:52,13:24:49,0,0,0,0,0,0,0,0,1,0,0,0,0,1,0,0,0,0,1,0,0,0,0,0,0,0,0,1,0,
1387,3,9/30/13,13:20:52,13:24:49,0,0,0,0,0,0,1,0,0,0,0,0,0,0,1,1,0,0,0,0,0,0,0,0,0,0,0,0,0,
1387,4,9/30/13,13:20:52,13:24:49,1,0,1,0,0,1,0,0,0,0,1,0,0,0,0,0,0,0,0,0,0,0,1,0,0,0,0,0,0,
1387,5,9/30/13,13:20:52,13:24:49,0,1,0,1,1,0,0,1,0,1,0,0,1,0,0,0,1,1,0,0,1,1,0,1,1,0,1,0,1,
1388,1,9/30/13,14:13:44,14:16:08,0,0,0,0,0,0,0,0,0,0,0,0,0,0,0,1,0,0,1,1,0,0,0,0,0,0,0,0,0,
1388,2,9/30/13,14:13:44,14:16:08,0,0,0,0,0,0,0,0,0,0,0,1,0,0,1,0,0,0,0,0,1,1,0,0,1,0,0,0,0,
1388,3,9/30/13,14:13:44,14:16:08,0,0,0,0,1,0,1,0,0,0,0,0,0,0,0,0,0,0,0,0,0,0,1,0,0,1,0,0,0,
1388,4,9/30/13,14:13:44,14:16:08,1,0,1,0,0,0,0,0,0,0,0,0,0,0,0,0,1,0,0,0,0,0,0,1,0,0,1,0,0,
1388,5,9/30/13,14:13:44,14:16:08,0,1,0,1,0,1,0,1,1,1,1,0,1,1,0,0,0,1,0,0,0,0,0,0,0,0,0,1,1,
1389,1,9/30/13,14:31:58,14:33:20,0,0,0,0,0,0,1,0,0,1,1,0,1,0,0,0,0,0,0,0,0,0,0,0,0,0,1,0,0,
1389,2,9/30/13,14:31:58,14:33:20,1,0,0,0,1,1,0,1,1,0,0,1,0,0,1,0,0,0,1,0,0,1,1,1,1,0,0,1,1,
1389,3,9/30/13,14:31:58,14:33:20,0,0,1,0,0,0,0,0,0,0,0,0,0,1,0,1,0,1,0,0,0,0,0,0,0,1,0,0,0,
1389,4,9/30/13,14:31:58,14:33:20,0,1,0,1,0,0,0,0,0,0,0,0,0,0,0,0,1,0,0,1,1,0,0,0,0,0,0,0,0,
1390,1,9/30/13,14:31:48,14:33:27,1,0,0,0,0,0,0,0,1,0,1,1,0,1,0,1,0,0,0,1,1,1,0,0,0,0,0,0,0,
1390,2,9/30/13,14:31:48,14:33:27,0,0,1,0,0,0,0,0,0,0,0,0,0,0,0,0,0,1,0,0,0,0,0,0,0,1,1,1,0,
1390,3,9/30/13,14:31:48,14:33:27,0,1,0,1,1,1,1,1,0,1,0,0,1,0,1,0,1,0,1,0,0,0,1,1,1,0,0,0,1,
1391,1,9/30/13,14:29:56,14:34:12,0,1,0,1,0,1,0,1,0,1,0,0,1,0,0,0,0,1,0,0,1,0,0,0,0,1,0,1,1,
1391,2,9/30/13,14:29:56,14:34:12,0,0,0,0,1,0,1,0,0,0,0,0,0,0,0,0,1,0,0,0,0,1,0,1,1,0,0,0,0,
1391,3,9/30/13,14:29:56,14:34:12,1,0,1,0,0,0,0,0,0,0,0,1,0,1,0,1,0,0,0,1,0,0,0,0,0,0,1,0,0,
1391,4,9/30/13,14:29:56,14:34:12,0,0,0,0,0,0,0,0,1,0,1,0,0,0,1,0,0,0,1,0,0,0,1,0,0,0,0,0,0,
1392,1,9/30/13,14:32:22,14:36:56,1,0,0,0,0,0,0,0,0,0,0,0,0,0,0,0,0,0,0,0,0,0,0,0,0,1,0,1,0,
1392,2,9/30/13,14:32:22,14:36:56,0,0,1,0,1,0,1,0,0,0,0,1,0,0,0,0,0,0,0,0,0,0,0,0,0,0,1,0,0,
1392,3,9/30/13,14:32:22,14:36:56,0,0,0,0,0,0,0,0,0,0,0,0,0,1,0,0,0,0,0,1,1,1,0,0,0,0,0,0,0,
1392,4,9/30/13,14:32:22,14:36:56,0,0,0,0,0,0,0,0,0,0,0,0,0,0,0,0,0,1,0,0,0,0,0,1,1,0,0,0,0,
1392,5,9/30/13,14:32:22,14:36:56,0,0,0,0,0,0,0,0,0,0,0,0,0,0,1,1,0,0,1,0,0,0,0,0,0,0,0,0,0,
1392,6,9/30/13,14:32:22,14:36:56,0,0,0,0,0,1,0,0,1,0,1,0,0,0,0,0,0,0,0,0,0,0,1,0,0,0,0,0,0,
1392,7,9/30/13,14:32:22,14:36:56,0,0,0,0,0,0,0,1,0,0,0,0,0,0,0,0,1,0,0,0,0,0,0,0,0,0,0,0,1,
1392,8,9/30/13,14:32:22,14:36:56,0,1,0,1,0,0,0,0,0,1,0,0,1,0,0,0,0,0,0,0,0,0,0,0,0,0,0,0,0,
1393,1,9/30/13,14:35:53,14:37:49,0,0,1,0,0,0,0,0,0,0,0,0,1,0,0,0,0,0,0,1,0,0,0,0,0,1,0,0,0,
1393,2,9/30/13,14:35:53,14:37:49,1,0,0,0,0,0,0,0,0,0,0,0,0,0,0,0,0,0,0,0,0,1,0,0,0,0,1,1,0,
1393,3,9/30/13,14:35:53,14:37:49,0,1,0,1,1,1,1,1,1,1,1,1,0,1,1,1,1,1,1,0,1,0,1,1,1,0,0,0,1,
1394,1,9/30/13,14:36:18,14:39:22,1,0,0,0,1,0,0,1,0,0,0,0,0,0,0,0,0,1,0,0,0,0,0,0,0,0,0,1,1,
1394,2,9/30/13,14:36:18,14:39:22,0,1,0,0,0,0,1,0,0,0,0,0,0,0,0,1,0,0,0,0,0,1,0,1,1,1,0,0,0,
1394,3,9/30/13,14:36:18,14:39:22,0,0,1,0,0,1,0,0,1,0,0,1,0,0,0,0,0,0,0,0,0,0,0,0,0,0,0,0,0,
1394,4,9/30/13,14:36:18,14:39:22,0,0,0,1,0,0,0,0,0,1,0,0,0,0,1,0,0,0,1,0,1,0,0,0,0,0,0,0,0,
1394,5,9/30/13,14:36:18,14:39:22,0,0,0,0,0,0,0,0,0,0,1,0,0,1,0,0,1,0,0,1,0,0,0,0,0,0,0,0,0,
1394,6,9/30/13,14:36:18,14:39:22,0,0,0,0,0,0,0,0,0,0,0,0,1,0,0,0,0,0,0,0,0,0,1,0,0,0,1,0,0,
1395,1,9/30/13,14:36:59,14:39:55,0,0,0,0,1,0,0,0,0,0,1,0,0,0,0,1,0,0,1,1,0,1,0,1,0,1,1,1,0,
1395,2,9/30/13,14:36:59,14:39:55,1,0,1,0,0,0,1,1,1,0,0,1,1,0,1,0,0,0,0,0,0,0,0,0,1,0,0,0,0,
1395,3,9/30/13,14:36:59,14:39:55,0,1,0,1,0,1,0,0,0,1,0,0,0,1,0,0,1,1,0,0,1,0,1,0,0,0,0,0,1,
1397,1,9/30/13,15:45:50,15:50:18,0,0,0,0,0,0,0,0,0,0,0,1,0,0,0,0,0,0,0,0,1,0,0,0,1,0,0,0,0,
1397,2,9/30/13,15:45:50,15:50:18,1,0,0,0,1,0,1,0,0,0,0,0,0,0,0,0,0,1,0,0,0,1,0,0,0,0,1,0,0,
1397,3,9/30/13,15:45:50,15:50:18,0,0,0,0,0,0,0,0,0,0,0,0,0,0,0,0,0,0,1,1,0,0,0,0,0,1,0,0,0,
1397,4,9/30/13,15:45:50,15:50:18,0,0,0,0,0,0,0,1,0,0,0,0,0,1,1,1,0,0,0,0,0,0,1,0,0,0,0,0,0,
1397,5,9/30/13,15:45:50,15:50:18,0,1,1,0,0,1,0,0,1,1,1,0,0,0,0,0,1,0,0,0,0,0,0,1,0,0,0,1,1,
1397,6,9/30/13,15:45:50,15:50:18,0,0,0,1,0,0,0,0,0,0,0,0,1,0,0,0,0,0,0,0,0,0,0,0,0,0,0,0,0,
1398,1,9/30/13,15:49:49,15:52:45,0,0,0,0,0,0,0,0,0,0,0,0,1,1,0,0,0,1,1,1,0,0,0,0,0,0,0,0,0,
1398,2,9/30/13,15:49:49,15:52:45,0,0,0,0,0,0,0,0,0,0,0,0,0,0,1,1,0,0,0,0,1,0,1,0,0,0,0,0,0,
1398,3,9/30/13,15:49:49,15:52:45,0,1,0,0,0,1,1,1,1,0,1,1,0,0,0,0,0,0,0,0,0,0,0,0,0,0,1,1,1,
1398,4,9/30/13,15:49:49,15:52:45,1,0,1,1,1,0,0,0,0,1,0,0,0,0,0,0,1,0,0,0,0,1,0,1,1,1,0,0,0,
1399,1,9/30/13,15:50:18,15:56:15,0,1,1,0,0,0,0,0,0,0,0,0,1,1,0,0,0,0,0,0,0,1,0,0,0,1,0,0,1,
1399,2,9/30/13,15:50:18,15:56:15,0,0,0,0,0,0,0,0,0,0,1,1,0,0,1,0,0,0,0,0,1,0,0,1,0,0,0,1,0,
1399,3,9/30/13,15:50:18,15:56:15,1,0,0,1,0,0,1,0,0,1,0,0,0,0,0,0,0,0,1,0,0,0,0,0,1,0,0,0,0,
1399,4,9/30/13,15:50:18,15:56:15,0,0,0,0,1,0,0,1,0,0,0,0,0,0,0,1,0,0,0,1,0,0,0,0,0,0,1,0,0,
1399,5,9/30/13,15:50:18,15:56:15,0,0,0,0,0,1,0,0,1,0,0,0,0,0,0,0,1,1,0,0,0,0,1,0,0,0,0,0,0,
1400,1,9/30/13,15:57:54,15:59:36,0,0,1,0,0,0,0,0,0,0,0,0,0,1,0,1,0,0,0,0,0,0,0,0,0,1,0,0,0,
1400,2,9/30/13,15:57:54,15:59:36,0,0,0,0,0,0,0,0,0,0,0,0,1,0,1,0,0,1,0,1,1,0,0,1,0,0,0,0,0,
1400,3,9/30/13,15:57:54,15:59:36,1,1,0,1,1,1,1,1,1,1,1,1,0,0,0,0,1,0,1,0,0,1,1,0,1,0,1,1,1,
1403,1,10/2/13,12:04:48,12:07:32,0,0,0,0,0,0,0,0,0,0,0,0,0,1,0,0,0,0,0,0,0,0,0,0,0,0,1,1,0,
1403,2,10/2/13,12:04:48,12:07:32,1,1,0,0,1,0,1,0,0,0,0,0,0,0,0,1,0,0,0,0,0,0,0,0,0,0,0,0,0,
1403,3,10/2/13,12:04:48,12:07:32,0,0,1,0,0,0,0,1,0,0,0,0,0,0,0,0,0,1,1,1,1,1,0,1,1,0,0,0,1,
1403,4,10/2/13,12:04:48,12:07:32,0,0,0,1,0,1,0,0,1,1,1,1,1,0,1,0,1,0,0,0,0,0,1,0,0,1,0,0,0,
1404,1,10/2/13,12:06:41,12:09:28,1,0,0,0,1,1,1,0,0,1,1,1,0,0,0,1,0,0,0,1,1,0,0,1,0,0,0,0,0,
1404,2,10/2/13,12:06:41,12:09:28,0,0,0,0,0,0,0,1,1,0,0,0,0,1,1,0,0,0,1,0,0,0,0,0,1,0,1,1,0,
1404,3,10/2/13,12:06:41,12:09:28,0,1,1,0,0,0,0,0,0,0,0,0,1,0,0,0,0,1,0,0,0,1,0,0,0,0,0,0,1,
1404,4,10/2/13,12:06:41,12:09:28,0,0,0,1,0,0,0,0,0,0,0,0,0,0,0,0,1,0,0,0,0,0,1,0,0,1,0,0,0,
1405,1,10/2/13,12:06:54,12:11:26,1,0,0,0,0,0,1,0,0,0,1,0,0,0,1,0,0,0,0,0,0,0,0,0,0,0,0,1,0,
1405,2,10/2/13,12:06:54,12:11:26,0,0,1,0,0,0,0,0,0,0,0,1,0,1,0,1,0,0,0,0,0,1,0,1,1,0,0,0,0,
1405,3,10/2/13,12:06:54,12:11:26,0,1,0,0,0,1,0,0,1,0,0,0,0,0,0,0,0,1,1,1,0,0,1,0,0,0,0,0,1,
1405,4,10/2/13,12:06:54,12:11:26,0,0,0,1,1,0,0,1,0,1,0,0,1,0,0,0,1,0,0,0,1,0,0,0,0,1,1,0,0,
1406,1,10/2/13,12:06:34,12:11:44,1,1,1,1,0,0,0,0,0,0,0,0,0,0,0,0,0,0,0,0,0,0,0,0,0,0,0,0,0,
1406,2,10/2/13,12:06:34,12:11:44,0,0,0,0,1,0,1,1,0,0,0,0,0,0,0,0,0,0,0,0,0,0,0,0,0,0,0,0,1,
1406,3,10/2/13,12:06:34,12:11:44,0,0,0,0,0,0,0,0,0,0,0,1,0,1,0,1,0,0,0,1,0,0,0,0,0,0,0,0,0,
1406,4,10/2/13,12:06:34,12:11:44,0,0,0,0,0,0,0,0,0,0,0,0,0,0,0,0,0,0,0,0,0,1,0,1,1,0,1,1,0,
1406,5,10/2/13,12:06:34,12:11:44,0,0,0,0,0,0,0,0,0,0,0,0,1,0,0,0,1,1,0,0,1,0,0,0,0,1,0,0,0,
1406,6,10/2/13,12:06:34,12:11:44,0,0,0,0,0,1,0,0,1,1,1,0,0,0,1,0,0,0,1,0,0,0,1,0,0,0,0,0,0,
1407,1,10/2/13,12:07:43,12:13:46,0,0,0,0,1,0,1,0,0,0,0,1,0,1,0,0,0,0,0,1,0,0,0,0,0,1,0,0,0,
1407,2,10/2/13,12:07:43,12:13:46,0,0,0,1,0,0,0,1,1,0,0,0,0,0,0,1,0,0,0,0,0,0,0,0,0,0,1,0,1,
1407,3,10/2/13,12:07:43,12:13:46,0,0,0,0,0,0,0,0,0,0,1,0,0,0,1,0,0,1,1,0,0,1,0,0,0,0,0,1,0,
1407,4,10/2/13,12:07:43,12:13:46,0,1,0,0,0,1,0,0,0,1,0,0,0,0,0,0,0,0,0,0,1,0,1,0,0,0,0,0,0,
1407,5,10/2/13,12:07:43,12:13:46,1,0,1,0,0,0,0,0,0,0,0,0,0,0,0,0,1,0,0,0,0,0,0,1,1,0,0,0,0,
1407,6,10/2/13,12:07:43,12:13:46,0,0,0,0,0,0,0,0,0,0,0,0,1,0,0,0,0,0,0,0,0,0,0,0,0,0,0,0,0,
1408,1,10/2/13,13:15:59,13:18:14,0,0,0,0,1,0,1,0,0,0,0,1,0,0,1,1,0,0,0,0,0,0,0,0,1,0,1,1,0,
1408,2,10/2/13,13:15:59,13:18:14,0,1,1,0,0,0,0,0,1,0,1,0,0,1,0,0,0,0,0,1,1,1,1,0,0,1,0,0,0,
1408,3,10/2/13,13:15:59,13:18:14,1,0,0,1,0,1,0,1,0,1,0,0,1,0,0,0,1,1,1,0,0,0,0,1,0,0,0,0,1,
1409,1,10/2/13,13:17:27,13:19:44,0,1,1,1,1,0,0,0,0,0,1,1,0,1,0,1,0,0,0,1,1,0,0,0,0,1,0,1,1,
1409,2,10/2/13,13:17:27,13:19:44,1,0,0,0,0,0,1,0,0,0,0,0,1,0,1,0,0,0,0,0,0,0,0,0,0,0,1,0,0,
1409,3,10/2/13,13:17:27,13:19:44,0,0,0,0,0,1,0,1,1,1,0,0,0,0,0,0,1,1,1,0,0,1,1,1,1,0,0,0,0,
1410,1,10/2/13,13:17:57,13:20:12,1,0,1,0,0,0,0,0,0,0,1,1,0,0,1,0,0,0,0,1,0,1,0,0,1,1,0,0,0,
1410,2,10/2/13,13:17:57,13:20:12,0,1,0,1,1,1,1,1,1,1,0,0,1,1,0,1,1,1,1,0,1,0,1,1,0,0,1,1,1,
1411,1,10/2/13,13:17:09,13:20:18,1,0,0,0,0,0,0,0,0,0,0,1,0,0,0,0,0,0,0,0,0,0,0,0,0,1,0,0,0,
1411,2,10/2/13,13:17:09,13:20:18,0,0,1,0,0,0,0,0,0,0,0,0,0,1,0,1,0,0,0,0,0,0,0,1,1,0,0,1,0,
1411,3,10/2/13,13:17:09,13:20:18,0,0,0,0,0,0,1,0,1,0,0,0,0,0,0,0,0,0,0,1,0,1,0,0,0,0,1,0,1,
1411,4,10/2/13,13:17:09,13:20:18,0,1,0,0,1,1,0,1,0,1,1,0,0,0,0,0,0,0,0,0,0,0,0,0,0,0,0,0,0,
1411,5,10/2/13,13:17:09,13:20:18,0,0,0,1,0,0,0,0,0,0,0,0,1,0,1,0,1,1,1,0,1,0,1,0,0,0,0,0,0,
1412,1,10/2/13,13:18:53,13:21:33,0,0,0,0,0,0,0,0,0,0,0,0,0,0,0,1,0,0,0,0,1,1,0,1,1,0,0,0,0,
1412,2,10/2/13,13:18:53,13:21:33,0,1,0,0,0,0,0,0,0,0,0,0,0,0,1,0,1,0,0,0,0,0,0,0,0,1,1,1,0,
1412,3,10/2/13,13:18:53,13:21:33,0,0,0,0,0,0,0,0,0,0,0,0,0,0,0,0,0,1,1,1,0,0,1,0,0,0,0,0,0,
1412,4,10/2/13,13:18:53,13:21:33,1,0,1,1,1,1,1,1,1,1,1,1,1,1,0,0,0,0,0,0,0,0,0,0,0,0,0,0,1,
1413,1,10/2/13,13:18:58,13:22:24,0,0,0,0,0,0,0,0,0,0,0,1,0,1,0,0,0,0,0,0,0,0,0,0,0,1,0,0,0,
1413,2,10/2/13,13:18:58,13:22:24,0,1,0,0,1,0,1,0,0,0,1,0,0,0,0,0,0,0,0,0,0,0,0,0,0,0,0,0,0,
1413,3,10/2/13,13:18:58,13:22:24,1,0,0,1,0,0,0,0,0,0,0,0,1,0,0,0,0,0,1,1,0,0,0,1,0,0,1,1,0,
1413,4,10/2/13,13:18:58,13:22:24,0,0,1,0,0,0,0,0,1,0,0,0,0,0,1,1,0,1,0,0,1,1,1,0,1,0,0,0,0,
1413,5,10/2/13,13:18:58,13:22:24,0,0,0,0,0,1,0,1,0,1,0,0,0,0,0,0,1,0,0,0,0,0,0,0,0,0,0,0,1,
1414,1,10/2/13,14:27:47,14:30:46,1,0,1,0,1,0,1,0,0,0,0,1,0,1,0,1,0,0,0,1,0,0,0,0,0,1,0,0,0,
1414,2,10/2/13,14:27:47,14:30:46,0,1,0,0,0,1,0,0,1,1,1,0,0,0,1,0,0,0,1,0,0,0,1,0,0,0,0,1,1,
1414,3,10/2/13,14:27:47,14:30:46,0,0,0,1,0,0,0,1,0,0,0,0,1,0,0,0,1,1,0,0,1,1,0,1,1,0,1,0,0,
1415,1,10/2/13,14:34:47,14:36:41,0,0,0,0,0,0,0,0,0,0,0,0,0,1,0,1,0,0,0,0,0,0,0,0,0,0,0,0,0,
1415,2,10/2/13,14:34:47,14:36:41,0,0,0,0,0,0,0,0,0,0,0,0,0,0,0,0,0,0,0,1,0,1,0,1,0,0,0,0,0,
1415,3,10/2/13,14:34:47,14:36:41,0,0,0,0,1,1,1,0,0,1,0,1,1,0,1,0,0,0,1,0,0,0,1,0,1,1,0,1,0,
1415,4,10/2/13,14:34:47,14:36:41,1,1,1,1,0,0,0,1,1,0,1,0,0,0,0,0,1,1,0,0,1,0,0,0,0,0,1,0,1,
1416,1,10/2/13,14:32:27,14:38:14,1,0,1,0,1,1,1,1,0,0,0,0,0,0,1,0,0,1,1,0,0,0,0,0,1,1,1,1,1,
1416,2,10/2/13,14:32:27,14:38:14,0,1,0,0,0,0,0,0,0,0,0,1,0,1,0,1,0,0,0,1,0,1,1,0,0,0,0,0,0,
1416,3,10/2/13,14:32:27,14:38:14,0,0,0,1,0,0,0,0,1,1,1,0,0,0,0,0,0,0,0,0,1,0,0,1,0,0,0,0,0,
1416,4,10/2/13,14:32:27,14:38:14,0,0,0,0,0,0,0,0,0,0,0,0,1,0,0,0,1,0,0,0,0,0,0,0,0,0,0,0,0,
1417,1,10/2/13,14:35:48,14:38:55,0,0,0,0,0,0,0,0,0,0,0,0,0,0,0,0,0,0,0,0,0,0,0,0,0,0,1,1,0,
1417,2,10/2/13,14:35:48,14:38:55,0,0,0,0,1,0,1,0,0,0,0,0,0,0,0,0,0,0,0,0,0,0,0,0,0,0,0,0,0,
1417,3,10/2/13,14:35:48,14:38:55,0,0,0,0,0,0,0,0,0,0,0,0,0,1,0,0,0,1,1,1,0,0,0,0,0,0,0,0,0,
1417,4,10/2/13,14:35:48,14:38:55,0,0,0,0,0,1,0,1,0,0,0,0,0,0,0,0,0,0,0,0,0,0,0,0,0,0,0,0,1,
1417,5,10/2/13,14:35:48,14:38:55,1,1,1,1,0,0,0,0,1,1,1,1,1,0,1,1,1,0,0,0,1,1,1,1,1,1,0,0,0,
1418,1,10/2/13,14:34:37,14:39:13,0,0,0,0,0,0,0,0,0,0,0,1,0,1,0,0,0,0,0,1,1,0,0,1,0,1,0,0,0,
1418,2,10/2/13,14:34:37,14:39:13,1,0,1,0,0,0,0,0,0,0,0,0,0,0,0,1,0,0,0,0,0,0,0,0,0,0,0,0,0,
1418,3,10/2/13,14:34:37,14:39:13,0,0,0,0,0,0,0,0,1,1,1,0,0,0,1,0,0,1,1,0,0,0,1,0,0,0,0,1,0,
1418,4,10/2/13,14:34:37,14:39:13,0,0,0,0,0,0,0,0,0,0,0,0,1,0,0,0,1,0,0,0,0,0,0,0,0,0,0,0,0,
1418,5,10/2/13,14:34:37,14:39:13,0,1,0,1,1,1,1,1,0,0,0,0,0,0,0,0,0,0,0,0,0,1,0,0,1,0,1,0,1,
1419,1,10/2/13,15:43:37,15:45:55,0,0,0,1,0,1,0,0,0,0,1,0,0,0,0,0,0,0,1,1,0,0,1,0,0,0,0,0,0,
1419,2,10/2/13,15:43:37,15:45:55,0,1,0,0,0,0,0,1,1,1,0,0,1,1,1,1,0,1,0,0,1,0,0,0,0,0,0,0,1,
1419,3,10/2/13,15:43:37,15:45:55,1,0,1,0,1,0,1,0,0,0,0,1,0,0,0,0,1,0,0,0,0,1,0,1,1,1,1,1,0,
1420,1,10/2/13,15:44:32,15:47:16,0,0,0,0,1,0,0,0,0,0,0,0,0,0,1,0,0,0,0,0,0,1,0,1,1,0,1,1,0,
1420,2,10/2/13,15:44:32,15:47:16,0,0,0,0,0,0,0,0,1,0,0,1,0,1,0,1,0,1,1,1,0,0,0,0,0,0,0,0,0,
1420,3,10/2/13,15:44:32,15:47:16,0,0,0,0,0,1,1,0,0,0,1,0,0,0,0,0,0,0,0,0,0,0,1,0,0,1,0,0,0,
1420,4,10/2/13,15:44:32,15:47:16,1,1,1,1,0,0,0,1,0,1,0,0,1,0,0,0,1,0,0,0,1,0,0,0,0,0,0,0,1,
1421,1,10/2/13,15:45:39,15:47:22,1,0,0,0,0,0,0,0,0,0,0,1,0,1,0,0,1,0,0,1,1,0,0,0,0,1,0,0,0,
1421,2,10/2/13,15:45:39,15:47:22,0,0,1,0,1,0,1,1,0,0,0,0,1,0,0,1,0,0,0,0,0,0,0,0,0,0,0,1,0,
1421,3,10/2/13,15:45:39,15:47:22,0,1,0,1,0,1,0,0,0,0,1,0,0,0,1,0,0,0,1,0,0,0,0,1,1,0,0,0,1,
1421,4,10/2/13,15:45:39,15:47:22,0,0,0,0,0,0,0,0,1,1,0,0,0,0,0,0,0,1,0,0,0,1,1,0,0,0,1,0,0,
1422,1,10/2/13,15:45:54,15:47:54,1,0,1,0,1,0,1,0,0,0,0,1,0,0,0,0,0,1,0,0,1,1,0,1,0,1,0,0,0,
1422,2,10/2/13,15:45:54,15:47:54,0,0,0,0,0,0,0,0,0,0,0,0,0,0,1,1,0,0,1,1,0,0,0,0,1,0,0,0,0,
1422,3,10/2/13,15:45:54,15:47:54,0,0,0,0,0,0,0,0,0,0,0,0,0,1,0,0,1,0,0,0,0,0,1,0,0,0,1,1,0,
1422,4,10/2/13,15:45:54,15:47:54,0,1,0,1,0,1,0,1,1,1,1,0,1,0,0,0,0,0,0,0,0,0,0,0,0,0,0,0,1,
1423,1,10/2/13,15:45:16,15:48:23,1,0,0,0,1,0,0,0,0,0,1,1,0,0,1,0,0,0,0,0,0,0,0,0,0,0,0,1,0,
1423,2,10/2/13,15:45:16,15:48:23,0,0,0,0,0,1,0,0,1,1,0,0,0,0,0,0,0,0,1,0,0,0,1,0,0,0,0,0,0,
1423,3,10/2/13,15:45:16,15:48:23,0,1,1,0,0,0,0,0,0,0,0,0,0,0,0,0,0,1,0,0,0,1,0,1,1,0,1,0,0,
1423,4,10/2/13,15:45:16,15:48:23,0,0,0,1,0,0,1,1,0,0,0,0,1,1,0,1,1,0,0,1,1,0,0,0,0,1,0,0,1,
1424,1,10/2/13,15:44:59,15:48:55,0,0,0,0,0,0,0,0,0,0,0,0,0,1,1,1,0,0,0,1,1,0,0,0,0,0,0,0,0,
1424,2,10/2/13,15:44:59,15:48:55,1,0,0,0,1,0,0,0,0,0,0,1,0,0,0,0,0,0,0,0,0,0,0,1,0,1,0,1,0,
1424,3,10/2/13,15:44:59,15:48:55,0,0,1,0,0,0,1,0,0,0,0,0,0,0,0,0,0,1,0,0,0,1,0,0,1,0,1,0,0,
1424,4,10/2/13,15:44:59,15:48:55,0,1,0,1,0,1,0,1,1,1,1,0,1,0,0,0,1,0,1,0,0,0,1,0,0,0,0,0,1,
1425,1,10/2/13,15:47:04,15:49:26,0,1,1,0,1,0,0,0,0,0,0,0,0,0,0,1,0,0,0,0,1,1,0,0,0,0,0,0,0,
1425,2,10/2/13,15:47:04,15:49:26,1,0,0,0,0,0,0,0,1,0,0,1,0,1,1,0,0,0,0,0,0,0,0,0,1,1,0,0,1,
1425,3,10/2/13,15:47:04,15:49:26,0,0,0,1,0,1,1,1,0,1,1,0,0,0,0,0,0,0,1,1,0,0,1,0,0,0,0,0,0,
1425,4,10/2/13,15:47:04,15:49:26,0,0,0,0,0,0,0,0,0,0,0,0,1,0,0,0,1,1,0,0,0,0,0,1,0,0,1,1,0,
1426,1,10/2/13,15:45:57,15:50:06,0,0,0,0,0,0,0,0,0,0,1,1,0,1,1,0,0,0,0,1,1,0,1,0,0,0,0,0,0,
1426,2,10/2/13,15:45:57,15:50:06,0,0,0,0,1,1,0,0,1,0,0,0,1,0,0,1,0,1,1,0,0,0,0,0,0,0,0,0,0,
1426,3,10/2/13,15:45:57,15:50:06,1,1,1,1,0,0,1,1,0,1,0,0,0,0,0,0,1,0,0,0,0,1,0,1,1,1,1,1,1,
1427,1,10/2/13,15:47:24,15:50:28,1,0,0,0,0,0,0,0,0,0,0,1,1,0,0,0,0,0,0,0,1,1,0,0,1,1,0,0,0,
1427,2,10/2/13,15:47:24,15:50:28,0,1,1,0,1,0,0,0,1,1,0,0,0,0,0,0,0,0,0,0,0,0,0,1,0,0,0,0,1,
1427,3,10/2/13,15:47:24,15:50:28,0,0,0,1,0,0,1,0,0,0,1,0,0,1,1,1,0,0,1,0,0,0,0,0,0,0,1,1,0,
1427,4,10/2/13,15:47:24,15:50:28,0,0,0,0,0,1,0,1,0,0,0,0,0,0,0,0,1,1,0,1,0,0,1,0,0,0,0,0,0,
1428,1,10/2/13,15:48:02,15:51:21,0,0,0,0,0,0,0,0,0,0,0,0,0,1,0,0,0,1,1,1,0,0,0,0,0,0,0,0,0,
1428,2,10/2/13,15:48:02,15:51:21,0,0,0,0,0,0,0,0,0,0,0,0,0,0,0,1,0,0,0,0,1,0,0,0,0,0,1,0,0,
1428,3,10/2/13,15:48:02,15:51:21,0,0,0,0,1,1,0,1,0,0,1,1,0,0,1,0,0,0,0,0,0,1,0,0,1,1,0,1,1,
1428,4,10/2/13,15:48:02,15:51:21,1,1,1,1,0,0,1,0,1,1,0,0,1,0,0,0,1,0,0,0,0,0,1,1,0,0,0,0,0,
1429,1,10/3/13,9:23:37,9:25:04,0,0,0,0,0,0,0,0,0,0,0,0,0,1,0,0,0,0,0,0,0,0,0,0,0,0,0,0,0,
1429,2,10/3/13,9:23:37,9:25:04,1,1,1,1,1,1,1,1,1,1,1,1,1,0,1,1,1,1,1,1,1,1,1,1,1,1,1,1,1,
1430,1,10/3/13,9:27:07,9:30:10,0,0,0,0,0,0,0,0,0,0,0,1,0,1,1,0,0,0,0,1,0,1,1,1,1,1,0,0,0,
1430,2,10/3/13,9:27:07,9:30:10,0,0,1,0,0,0,0,0,0,0,0,0,0,0,0,1,0,0,1,0,0,0,0,0,0,0,0,0,0,
1430,3,10/3/13,9:27:07,9:30:10,1,0,0,0,0,0,0,0,0,0,0,0,0,0,0,0,0,0,0,0,0,0,0,0,0,0,0,1,0,
1430,4,10/3/13,9:27:07,9:30:10,0,0,0,1,1,1,1,0,0,0,1,0,0,0,0,0,0,1,0,0,0,0,0,0,0,0,0,0,0,
1430,5,10/3/13,9:27:07,9:30:10,0,0,0,0,0,0,0,0,1,0,0,0,1,0,0,0,0,0,0,0,1,0,0,0,0,0,1,0,1,
1430,6,10/3/13,9:27:07,9:30:10,0,1,0,0,0,0,0,1,0,1,0,0,0,0,0,0,1,0,0,0,0,0,0,0,0,0,0,0,0,
1431,1,10/3/13,9:31:50,9:33:49,1,0,0,0,0,0,1,0,0,0,0,1,0,0,0,0,0,0,0,0,0,1,0,0,0,1,0,0,0,
1431,2,10/3/13,9:31:50,9:33:49,0,0,1,0,1,0,0,0,0,0,0,0,0,1,0,1,0,0,0,1,0,0,0,1,1,0,0,0,0,
1431,3,10/3/13,9:31:50,9:33:49,0,1,0,1,0,1,0,1,1,1,1,0,1,0,1,0,1,1,1,0,1,0,1,0,0,0,1,1,1,
1432,1,10/3/13,9:31:58,9:34:09,1,1,0,0,1,1,0,0,0,0,0,0,1,0,1,0,0,0,0,0,1,1,0,0,1,0,0,0,0,
1432,2,10/3/13,9:31:58,9:34:09,0,0,1,1,0,0,1,1,1,1,1,0,0,1,0,1,0,1,1,1,0,0,1,1,0,1,1,1,1,
1432,3,10/3/13,9:31:58,9:34:09,0,0,0,0,0,0,0,0,0,0,0,1,0,0,0,0,1,0,0,0,0,0,0,0,0,0,0,0,0,
1433,1,10/3/13,9:32:22,9:34:12,1,0,1,0,0,0,0,1,0,0,0,0,1,0,0,1,0,0,0,0,1,1,0,1,0,0,1,0,0,
1433,2,10/3/13,9:32:22,9:34:12,0,1,0,1,1,0,0,0,0,0,0,1,0,0,1,0,0,0,1,1,0,0,1,0,1,1,0,1,0,
1433,3,10/3/13,9:32:22,9:34:12,0,0,0,0,0,1,1,0,1,1,1,0,0,1,0,0,1,1,0,0,0,0,0,0,0,0,0,0,1,
1434,1,10/3/13,9:35:14,9:37:07,0,1,0,0,1,1,1,1,0,0,0,0,0,0,1,0,0,1,0,0,0,0,0,0,0,0,1,0,1,
1434,2,10/3/13,9:35:14,9:37:07,0,0,0,0,0,0,0,0,0,1,0,0,0,0,0,0,0,0,1,0,0,0,0,0,0,1,0,1,0,
1434,3,10/3/13,9:35:14,9:37:07,0,0,0,0,0,0,0,0,1,0,1,0,0,1,0,0,0,0,0,1,0,1,0,0,0,0,0,0,0,
1434,4,10/3/13,9:35:14,9:37:07,0,0,1,1,0,0,0,0,0,0,0,0,0,0,0,0,0,0,0,0,1,0,1,0,0,0,0,0,0,
1434,5,10/3/13,9:35:14,9:37:07,1,0,0,0,0,0,0,0,0,0,0,1,1,0,0,0,0,0,0,0,0,0,0,0,1,0,0,0,0,
1434,6,10/3/13,9:35:14,9:37:07,0,0,0,0,0,0,0,0,0,0,0,0,0,0,0,1,1,0,0,0,0,0,0,1,0,0,0,0,0,
1435,1,10/3/13,9:34:50,9:38:00,0,0,0,0,0,0,0,0,0,0,0,0,0,1,1,0,0,1,1,1,0,0,0,0,0,0,0,0,0,
1435,2,10/3/13,9:34:50,9:38:00,0,0,0,0,1,0,1,0,0,0,0,0,0,0,0,0,0,0,0,0,0,0,1,0,0,1,1,1,0,
1435,3,10/3/13,9:34:50,9:38:00,0,0,0,0,0,1,0,1,0,0,0,0,0,0,0,1,0,0,0,0,0,0,0,0,0,0,0,0,1,
1435,4,10/3/13,9:34:50,9:38:00,1,1,1,0,0,0,0,0,0,0,0,0,0,0,0,0,0,0,0,0,0,0,0,0,0,0,0,0,0,
1435,5,10/3/13,9:34:50,9:38:00,0,0,0,0,0,0,0,0,0,0,1,0,1,0,0,0,0,0,0,0,1,0,0,1,0,0,0,0,0,
1435,6,10/3/13,9:34:50,9:38:00,0,0,0,1,0,0,0,0,1,1,0,1,0,0,0,0,1,0,0,0,0,1,0,0,1,0,0,0,0,
1436,1,10/3/13,10:46:24,10:49:16,0,0,0,0,1,0,0,1,0,0,0,0,1,1,0,0,0,0,0,0,0,0,0,1,1,1,0,1,0,
1436,2,10/3/13,10:46:24,10:49:16,1,1,1,0,0,0,1,0,0,0,0,0,0,0,0,0,0,0,0,0,0,1,0,0,0,0,1,0,0,
1436,3,10/3/13,10:46:24,10:49:16,0,0,0,1,0,1,0,0,1,1,1,1,0,0,1,1,1,1,1,1,1,0,1,0,0,0,0,0,1,
1437,1,10/3/13,10:48:24,10:49:53,1,1,1,1,1,1,1,0,0,0,0,0,0,1,1,0,0,0,1,1,1,0,0,1,0,1,1,1,1,
1437,2,10/3/13,10:48:24,10:49:53,0,0,0,0,0,0,0,1,0,0,0,0,0,0,0,1,0,1,0,0,0,1,1,0,1,0,0,0,0,
1437,3,10/3/13,10:48:24,10:49:53,0,0,0,0,0,0,0,0,1,1,1,1,1,0,0,0,1,0,0,0,0,0,0,0,0,0,0,0,0,
1438,1,10/3/13,10:47:46,10:50:35,0,0,0,0,0,0,1,0,0,0,0,0,0,0,0,0,0,0,0,0,0,0,0,0,0,0,0,1,0,
1438,2,10/3/13,10:47:46,10:50:35,1,0,1,0,0,0,0,0,0,0,0,0,0,0,1,0,0,1,1,0,0,0,0,0,0,0,0,0,0,
1438,3,10/3/13,10:47:46,10:50:35,0,0,0,0,1,1,0,0,0,0,1,0,0,1,0,0,0,0,0,1,1,0,0,0,0,1,1,0,0,
1438,4,10/3/13,10:47:46,10:50:35,0,1,0,0,0,0,0,1,1,1,0,1,1,0,0,1,0,0,0,0,0,1,1,1,1,0,0,0,1,
1438,5,10/3/13,10:47:46,10:50:35,0,0,0,1,0,0,0,0,0,0,0,0,0,0,0,0,1,0,0,0,0,0,0,0,0,0,0,0,0,
1439,1,10/3/13,10:48:55,10:51:00,1,1,1,1,1,1,1,1,1,1,1,0,1,0,1,0,0,0,0,0,0,1,1,1,1,0,0,0,1,
1439,2,10/3/13,10:48:55,10:51:00,0,0,0,0,0,0,0,0,0,0,0,0,0,0,0,0,0,0,0,0,0,0,0,0,0,0,1,1,0,
1439,3,10/3/13,10:48:55,10:51:00,0,0,0,0,0,0,0,0,0,0,0,0,0,1,0,0,0,1,1,1,0,0,0,0,0,1,0,0,0,
1439,4,10/3/13,10:48:55,10:51:00,0,0,0,0,0,0,0,0,0,0,0,1,0,0,0,1,1,0,0,0,1,0,0,0,0,0,0,0,0,
1440,1,10/3/13,10:48:15,10:51:32,1,1,1,1,1,0,0,0,0,0,1,0,0,0,1,0,0,0,0,0,0,0,0,1,0,1,0,1,0,
1440,2,10/3/13,10:48:15,10:51:32,0,0,0,0,0,0,0,0,0,0,0,1,1,0,0,1,0,0,0,0,0,1,0,0,1,0,0,0,0,
1440,3,10/3/13,10:48:15,10:51:32,0,0,0,0,0,0,0,0,0,0,0,0,0,1,0,0,1,1,0,1,1,0,0,0,0,0,1,0,0,
1440,4,10/3/13,10:48:15,10:51:32,0,0,0,0,0,1,1,1,1,1,0,0,0,0,0,0,0,0,1,0,0,0,1,0,0,0,0,0,1,
1441,1,10/3/13,10:50:37,10:52:34,0,0,0,0,0,0,0,0,0,0,1,0,0,0,0,0,0,1,0,0,1,0,1,1,1,0,1,0,0,
1441,2,10/3/13,10:50:37,10:52:34,0,0,0,0,1,1,1,1,1,0,0,0,0,1,1,1,1,0,1,1,0,1,0,0,0,0,0,1,1,
1441,3,10/3/13,10:50:37,10:52:34,1,1,1,1,0,0,0,0,0,1,0,1,1,0,0,0,0,0,0,0,0,0,0,0,0,1,0,0,0,
1442,1,10/3/13,10:52:15,10:54:07,0,0,1,0,0,0,1,0,0,0,0,0,0,0,0,0,0,0,0,0,0,1,0,0,1,0,0,0,0,
1442,2,10/3/13,10:52:15,10:54:07,0,0,0,0,1,0,0,0,0,0,0,0,0,0,0,1,0,0,0,0,1,0,0,0,0,0,0,0,0,
1442,3,10/3/13,10:52:15,10:54:07,0,1,0,0,0,0,0,0,0,0,0,0,0,0,1,0,0,0,0,0,0,0,0,0,0,0,0,0,0,
1442,4,10/3/13,10:52:15,10:54:07,1,0,0,0,0,0,0,0,0,0,0,0,0,1,0,0,0,0,0,1,0,0,0,0,0,1,0,0,0,
1442,5,10/3/13,10:52:15,10:54:07,0,0,0,1,0,1,0,1,1,1,1,1,0,0,0,0,1,1,0,0,0,0,1,1,0,0,0,0,1,
1442,6,10/3/13,10:52:15,10:54:07,0,0,0,0,0,0,0,0,0,0,0,0,1,0,0,0,0,0,1,0,0,0,0,0,0,0,0,0,0,
1442,7,10/3/13,10:52:15,10:54:07,0,0,0,0,0,0,0,0,0,0,0,0,0,0,0,0,0,0,0,0,0,0,0,0,0,0,1,1,0,
1443,1,10/3/13,10:50:39,10:55:36,0,0,1,0,0,0,0,0,0,0,0,0,0,0,0,1,0,0,0,1,0,0,0,0,0,1,0,0,0,
1443,2,10/3/13,10:50:39,10:55:36,0,0,0,0,0,0,0,0,0,0,0,0,0,1,1,0,0,0,1,0,0,0,1,0,0,0,0,0,0,
1443,3,10/3/13,10:50:39,10:55:36,0,0,0,0,0,1,0,0,1,0,0,0,1,0,0,0,0,1,0,0,0,0,0,0,0,0,0,0,0,
1443,4,10/3/13,10:50:39,10:55:36,1,0,0,0,0,0,0,0,0,0,0,1,0,0,0,0,0,0,0,0,0,0,0,0,0,0,0,0,0,
1443,5,10/3/13,10:50:39,10:55:36,0,1,0,1,1,0,1,1,0,1,1,0,0,0,0,0,1,0,0,0,1,1,0,1,1,0,1,1,1,
1444,1,10/3/13,10:53:26,10:56:59,0,0,0,0,0,0,0,1,0,0,1,0,1,1,0,0,0,1,0,1,0,0,0,1,0,1,1,1,0,
1444,2,10/3/13,10:53:26,10:56:59,1,1,1,0,1,0,1,0,0,0,0,1,0,0,1,1,0,0,0,0,0,0,0,0,0,0,0,0,0,
1444,3,10/3/13,10:53:26,10:56:59,0,0,0,0,0,0,0,0,0,0,0,0,0,0,0,0,1,0,0,0,1,1,0,0,1,0,0,0,0,
1444,4,10/3/13,10:53:26,10:56:59,0,0,0,0,0,1,0,0,1,0,0,0,0,0,0,0,0,0,1,0,0,0,1,0,0,0,0,0,0,
1444,5,10/3/13,10:53:26,10:56:59,0,0,0,1,0,0,0,0,0,1,0,0,0,0,0,0,0,0,0,0,0,0,0,0,0,0,0,0,1,
1446,1,10/3/13,12:00:41,12:05:39,0,0,0,0,0,0,1,0,0,0,0,0,0,0,0,0,0,0,1,0,0,0,1,0,0,0,0,1,0,
1446,2,10/3/13,12:00:41,12:05:39,1,0,0,0,1,0,0,0,0,0,0,0,0,1,1,1,0,0,0,1,0,1,0,1,1,0,1,0,0,
1446,3,10/3/13,12:00:41,12:05:39,0,0,1,0,0,0,0,0,0,0,1,0,1,0,0,0,0,0,0,0,0,0,0,0,0,1,0,0,1,
1446,4,10/3/13,12:00:41,12:05:39,0,0,0,0,0,0,0,1,0,0,0,1,0,0,0,0,0,1,0,0,0,0,0,0,0,0,0,0,0,
1446,5,10/3/13,12:00:41,12:05:39,0,1,0,1,0,1,0,0,1,1,0,0,0,0,0,0,1,0,0,0,1,0,0,0,0,0,0,0,0,
1447,1,10/3/13,12:22:56,12:24:26,1,0,1,0,1,0,0,0,0,0,1,0,1,0,1,0,0,0,0,0,1,1,0,0,1,0,1,0,0,
1447,2,10/3/13,12:22:56,12:24:26,0,0,0,0,0,0,1,0,0,0,0,0,0,1,0,1,0,0,1,1,0,0,0,0,0,1,0,1,0,
1447,3,10/3/13,12:22:56,12:24:26,0,1,0,1,0,1,0,1,1,1,0,1,0,0,0,0,1,1,0,0,0,0,1,1,0,0,0,0,1,
1448,1,10/3/13,13:15:26,13:18:10,0,0,0,0,0,1,0,1,1,1,1,0,0,0,1,0,0,0,1,0,0,0,1,0,0,0,0,0,1,
1448,2,10/3/13,13:15:26,13:18:10,0,1,0,1,0,0,0,0,0,0,0,0,0,0,0,0,0,0,0,0,0,0,0,0,0,0,0,0,0,
1448,3,10/3/13,13:15:26,13:18:10,0,0,0,0,0,0,0,0,0,0,0,0,1,0,0,0,1,0,0,0,0,1,0,0,1,0,1,0,0,
1448,4,10/3/13,13:15:26,13:18:10,0,0,0,0,1,0,1,0,0,0,0,1,0,1,0,1,0,1,0,1,0,0,0,1,0,1,0,0,0,
1448,5,10/3/13,13:15:26,13:18:10,1,0,1,0,0,0,0,0,0,0,0,0,0,0,0,0,0,0,0,0,1,0,0,0,0,0,0,1,0,
1449,1,10/3/13,13:14:54,13:20:05,0,0,0,0,0,0,0,0,0,0,0,0,0,1,0,0,0,0,0,1,0,0,0,0,0,1,1,1,0,
1449,2,10/3/13,13:14:54,13:20:05,1,0,1,0,1,0,1,0,0,0,0,0,0,0,0,1,0,0,0,0,0,1,0,1,0,0,0,0,0,
1449,3,10/3/13,13:14:54,13:20:05,0,0,0,0,0,0,0,0,0,0,0,0,0,0,0,0,1,1,0,0,1,0,0,0,0,0,0,0,0,
1449,4,10/3/13,13:14:54,13:20:05,0,1,0,1,0,1,0,1,1,1,1,1,1,0,1,0,0,0,1,0,0,0,1,0,1,0,0,0,1,
1450,1,10/3/13,13:20:12,13:21:41,1,0,0,0,0,0,0,0,0,0,0,0,0,0,0,1,0,0,0,1,1,0,0,1,0,1,0,0,0,
1450,2,10/3/13,13:20:12,13:21:41,0,1,1,0,1,0,1,0,0,0,0,0,0,1,1,0,0,0,0,0,0,1,0,0,1,0,0,0,0,
1450,3,10/3/13,13:20:12,13:21:41,0,0,0,1,0,0,0,1,0,0,0,0,0,0,0,0,1,1,0,0,0,0,0,0,0,0,1,1,1,
1450,4,10/3/13,13:20:12,13:21:41,0,0,0,0,0,1,0,0,1,1,1,1,1,0,0,0,0,0,1,0,0,0,1,0,0,0,0,0,0,
1451,1,10/3/13,13:19:42,13:25:45,0,0,0,0,0,0,0,0,0,0,0,0,0,1,1,0,0,1,0,1,0,1,1,1,1,0,1,1,0,
1451,2,10/3/13,13:19:42,13:25:45,0,0,0,0,0,1,1,0,1,0,1,0,1,0,0,1,0,0,1,0,0,0,0,0,0,0,0,0,0,
1451,3,10/3/13,13:19:42,13:25:45,1,1,1,1,1,0,0,1,0,1,0,1,0,0,0,0,1,0,0,0,1,0,0,0,0,1,0,0,1,
1452,1,10/3/13,13:33:21,13:34:53,0,0,0,0,0,0,0,0,0,0,0,0,0,0,0,0,0,0,0,0,0,1,0,1,1,0,0,1,0,
1452,2,10/3/13,13:33:21,13:34:53,0,0,0,1,1,1,0,0,0,0,0,0,0,1,0,1,0,0,0,0,0,0,0,0,0,0,0,0,0,
1452,3,10/3/13,13:33:21,13:34:53,1,1,1,0,0,0,1,1,1,1,1,1,1,0,1,0,1,1,1,1,1,0,1,0,0,1,1,0,1,
1453,1,10/3/13,14:30:39,14:32:22,0,1,0,0,0,0,1,0,0,0,0,0,0,0,0,1,0,0,0,0,1,0,0,1,0,0,0,0,1,
1453,2,10/3/13,14:30:39,14:32:22,0,0,0,0,0,0,0,0,0,0,1,0,0,1,1,0,0,0,0,1,0,0,1,0,0,1,1,0,0,
1453,3,10/3/13,14:30:39,14:32:22,0,0,0,1,1,0,0,1,0,0,0,1,0,0,0,0,1,0,0,0,0,1,0,0,1,0,0,0,0,
1453,4,10/3/13,14:30:39,14:32:22,1,0,1,0,0,1,0,0,1,1,0,0,1,0,0,0,0,1,1,0,0,0,0,0,0,0,0,1,0,
1454,1,10/3/13,14:30:41,14:32:27,1,0,0,0,1,0,1,0,0,0,0,1,0,1,1,0,0,0,0,1,0,0,1,0,0,1,0,0,0,
1454,2,10/3/13,14:30:41,14:32:27,0,0,1,0,0,1,0,1,1,0,1,0,0,0,0,0,0,0,1,0,0,0,0,1,0,0,0,1,1,
1454,3,10/3/13,14:30:41,14:32:27,0,1,0,0,0,0,0,0,0,1,0,0,0,0,0,1,0,1,0,0,1,0,0,0,0,0,0,0,0,
1454,4,10/3/13,14:30:41,14:32:27,0,0,0,1,0,0,0,0,0,0,0,0,1,0,0,0,1,0,0,0,0,1,0,0,1,0,1,0,0,
1455,1,10/3/13,14:31:17,14:32:37,0,0,0,0,0,0,0,0,0,0,0,0,0,0,1,0,0,0,0,1,1,0,0,0,0,1,0,0,0,
1455,2,10/3/13,14:31:17,14:32:37,1,1,1,1,1,1,1,1,1,1,1,1,1,1,0,1,1,1,1,0,0,1,1,1,1,0,1,1,1,
1456,1,10/3/13,14:31:37,14:33:47,0,0,1,0,1,1,0,1,0,0,0,1,0,0,1,0,0,0,1,0,0,1,1,1,1,1,0,1,0,
1456,2,10/3/13,14:31:37,14:33:47,1,1,0,0,0,0,1,0,1,0,1,0,0,1,0,1,0,0,0,1,1,0,0,0,0,0,0,0,1,
1456,3,10/3/13,14:31:37,14:33:47,0,0,0,1,0,0,0,0,0,1,0,0,1,0,0,0,1,1,0,0,0,0,0,0,0,0,1,0,0,
1457,1,10/3/13,14:32:18,14:34:52,0,0,0,0,0,0,0,0,0,0,0,0,0,0,0,0,0,1,1,1,0,0,0,1,0,1,0,0,0,
1457,2,10/3/13,14:32:18,14:34:52,0,0,0,0,1,1,1,1,0,0,1,1,0,1,0,1,0,0,0,0,1,1,1,0,1,0,0,0,1,
1457,3,10/3/13,14:32:18,14:34:52,1,1,1,1,0,0,0,0,1,1,0,0,1,0,1,0,0,0,0,0,0,0,0,0,0,0,1,1,0,
1457,4,10/3/13,14:32:18,14:34:52,0,0,0,0,0,0,0,0,0,0,0,0,0,0,0,0,1,0,0,0,0,0,0,0,0,0,0,0,0,
1458,1,10/3/13,14:32:21,14:35:08,0,0,0,0,0,0,0,0,1,0,0,1,0,1,1,1,0,0,0,1,1,0,0,0,0,0,0,0,0,
1458,2,10/3/13,14:32:21,14:35:08,1,0,0,1,0,0,1,1,0,0,1,0,0,0,0,0,0,0,1,0,0,0,0,0,0,0,0,0,1,
1458,3,10/3/13,14:32:21,14:35:08,0,1,1,0,1,1,0,0,0,0,0,0,0,0,0,0,0,1,0,0,0,0,1,0,0,0,0,1,0,
1458,4,10/3/13,14:32:21,14:35:08,0,0,0,0,0,0,0,0,0,1,0,0,1,0,0,0,1,0,0,0,0,1,0,1,1,1,1,0,0,
1459,1,10/3/13,14:32:14,14:35:19,0,1,0,0,0,0,0,1,0,0,0,0,1,0,1,0,0,0,0,0,0,1,0,1,0,0,0,0,0,
1459,2,10/3/13,14:32:14,14:35:19,1,0,1,0,1,1,1,0,0,0,0,0,0,0,0,1,0,0,1,1,1,0,1,0,1,1,1,1,1,
1459,3,10/3/13,14:32:14,14:35:19,0,0,0,1,0,0,0,0,1,1,1,1,0,1,0,0,1,1,0,0,0,0,0,0,0,0,0,0,0,
1460,1,10/3/13,14:32:19,14:35:25,0,0,0,0,0,0,1,0,0,0,0,0,0,1,0,1,0,0,0,1,1,0,0,0,0,1,0,1,0,
1460,2,10/3/13,14:32:19,14:35:25,0,0,1,0,1,0,0,0,0,0,0,1,0,0,0,0,0,0,1,0,0,0,1,0,0,0,1,0,1,
1460,3,10/3/13,14:32:19,14:35:25,0,0,0,0,0,0,0,0,0,0,1,0,0,0,1,0,0,0,0,0,0,1,0,1,1,0,0,0,0,
1460,4,10/3/13,14:32:19,14:35:25,1,0,0,0,0,1,0,1,1,0,0,0,1,0,0,0,0,1,0,0,0,0,0,0,0,0,0,0,0,
1460,5,10/3/13,14:32:19,14:35:25,0,1,0,1,0,0,0,0,0,1,0,0,0,0,0,0,1,0,0,0,0,0,0,0,0,0,0,0,0,
1461,1,10/3/13,14:31:54,14:36:53,0,0,0,0,1,1,0,1,0,0,0,1,0,0,0,0,0,0,0,0,0,0,0,0,0,0,0,0,1,
1461,2,10/3/13,14:31:54,14:36:53,0,0,0,0,0,0,1,0,1,0,0,0,0,0,0,0,0,0,0,1,0,0,0,0,0,1,0,0,0,
1461,3,10/3/13,14:31:54,14:36:53,0,0,0,0,0,0,0,0,0,0,0,0,0,0,0,1,0,0,0,0,1,1,0,1,1,0,0,0,0,
1461,4,10/3/13,14:31:54,14:36:53,1,1,1,1,0,0,0,0,0,0,0,0,0,0,0,0,0,0,0,0,0,0,0,0,0,0,1,1,0,
1461,5,10/3/13,14:31:54,14:36:53,0,0,0,0,0,0,0,0,0,1,1,0,0,0,1,0,1,0,1,0,0,0,1,0,0,0,0,0,0,
1461,6,10/3/13,14:31:54,14:36:53,0,0,0,0,0,0,0,0,0,0,0,0,1,1,0,0,0,1,0,0,0,0,0,0,0,0,0,0,0,
1462,1,10/3/13,14:32:43,14:38:18,0,0,0,0,0,1,0,1,1,1,1,0,0,0,1,0,0,0,1,0,0,0,1,0,0,0,0,0,1,
1462,2,10/3/13,14:32:43,14:38:18,0,0,0,0,1,0,1,0,0,0,0,1,0,1,0,1,0,0,0,1,1,1,0,1,1,1,0,0,0,
1462,3,10/3/13,14:32:43,14:38:18,1,1,1,0,0,0,0,0,0,0,0,0,0,0,0,0,0,0,0,0,0,0,0,0,0,0,0,0,0,
1462,4,10/3/13,14:32:43,14:38:18,0,0,0,1,0,0,0,0,0,0,0,0,1,0,0,0,0,0,0,0,0,0,0,0,0,0,0,0,0,
1462,5,10/3/13,14:32:43,14:38:18,0,0,0,0,0,0,0,0,0,0,0,0,0,0,0,0,1,1,0,0,0,0,0,0,0,0,1,1,0,
1463,1,10/3/13,14:35:07,14:38:38,1,0,0,0,1,0,1,0,0,0,0,0,0,0,0,0,0,0,0,1,1,1,0,0,0,1,0,0,0,
1463,2,10/3/13,14:35:07,14:38:38,0,0,1,0,0,0,0,0,0,0,0,0,0,0,0,1,0,1,0,0,0,0,0,0,1,0,0,0,0,
1463,3,10/3/13,14:35:07,14:38:38,0,0,0,0,0,0,0,0,0,0,0,0,0,0,1,0,0,0,0,0,0,0,0,1,0,0,1,1,0,
1463,4,10/3/13,14:35:07,14:38:38,0,0,0,0,0,0,0,0,0,0,0,0,0,1,0,0,1,0,0,0,0,0,0,0,0,0,0,0,0,
1463,5,10/3/13,14:35:07,14:38:38,0,1,0,1,0,1,0,1,1,1,1,1,1,0,0,0,0,0,1,0,0,0,1,0,0,0,0,0,1,
1464,1,10/3/13,14:37:45,14:42:09,0,0,0,0,0,0,0,0,0,0,1,0,0,0,0,0,0,1,0,0,1,1,1,1,0,0,0,0,0,
1464,2,10/3/13,14:37:45,14:42:09,0,0,0,0,0,0,0,0,0,0,0,0,1,1,1,1,0,0,1,1,0,0,0,0,1,0,0,0,0,
1464,3,10/3/13,14:37:45,14:42:09,0,0,0,0,0,0,0,0,0,0,0,0,0,0,0,0,0,0,0,0,0,0,0,0,0,0,1,1,0,
1464,4,10/3/13,14:37:45,14:42:09,0,0,0,0,0,0,0,0,1,1,0,1,0,0,0,0,0,0,0,0,0,0,0,0,0,0,0,0,0,
1464,5,10/3/13,14:37:45,14:42:09,1,1,1,0,0,0,0,0,0,0,0,0,0,0,0,0,0,0,0,0,0,0,0,0,0,0,0,0,0,
1464,6,10/3/13,14:37:45,14:42:09,0,0,0,0,1,1,1,1,0,0,0,0,0,0,0,0,0,0,0,0,0,0,0,0,0,0,0,0,1,
1464,7,10/3/13,14:37:45,14:42:09,0,0,0,1,0,0,0,0,0,0,0,0,0,0,0,0,1,0,0,0,0,0,0,0,0,1,0,0,0,
1465,1,10/3/13,15:44:39,15:47:18,1,1,1,0,1,0,1,1,0,1,0,1,0,0,0,0,0,0,0,0,0,1,0,1,0,1,1,1,1,
1465,2,10/3/13,15:44:39,15:47:18,0,0,0,1,0,0,0,0,1,0,0,0,1,1,0,1,0,0,1,1,1,0,1,0,1,0,0,0,0,
1465,3,10/3/13,15:44:39,15:47:18,0,0,0,0,0,1,0,0,0,0,1,0,0,0,1,0,1,1,0,0,0,0,0,0,0,0,0,0,0,
1466,1,10/3/13,15:45:15,15:47:25,0,1,1,1,0,0,0,0,0,0,0,0,0,0,0,0,0,0,0,0,1,0,0,0,0,0,0,1,1,
1466,2,10/3/13,15:45:15,15:47:25,0,0,0,0,0,0,0,1,0,0,1,0,0,1,0,0,0,0,0,0,0,0,0,0,0,0,1,0,0,
1466,3,10/3/13,15:45:15,15:47:25,1,0,0,0,1,1,1,0,1,1,0,1,1,0,1,1,1,1,1,1,0,1,1,1,1,1,0,0,0,
1467,1,10/3/13,15:45:13,15:47:30,0,0,0,0,0,0,1,0,0,0,0,0,1,1,1,1,0,0,0,0,0,1,0,1,1,0,0,0,1,
1467,2,10/3/13,15:45:13,15:47:30,1,1,1,1,1,1,0,1,1,1,1,1,0,0,0,0,1,1,1,1,1,0,1,0,0,1,1,1,0,
1468,1,10/3/13,15:47:46,15:49:30,1,0,1,0,0,0,0,0,0,0,0,0,0,0,0,0,0,0,0,0,0,0,0,0,0,1,0,0,0,
1468,2,10/3/13,15:47:46,15:49:30,0,0,0,0,0,0,0,0,1,0,0,0,0,0,0,0,0,0,0,0,0,0,0,1,1,0,1,1,0,
1468,3,10/3/13,15:47:46,15:49:30,0,0,0,0,0,0,0,0,0,0,1,1,0,0,0,0,0,0,0,1,1,1,0,0,0,0,0,0,0,
1468,4,10/3/13,15:47:46,15:49:30,0,1,0,1,1,1,1,1,0,1,0,0,1,1,1,1,1,1,1,0,0,0,1,0,0,0,0,0,1,
1469,1,10/3/13,15:48:00,15:50:05,0,0,1,0,0,0,1,0,0,1,1,0,0,0,1,0,0,1,1,0,1,0,1,1,0,0,1,0,0,
1469,2,10/3/13,15:48:00,15:50:05,1,1,0,0,0,1,0,1,1,0,0,0,0,0,0,1,1,0,0,1,0,1,0,0,1,1,0,1,1,
1469,3,10/3/13,15:48:00,15:50:05,0,0,0,1,1,0,0,0,0,0,0,1,1,1,0,0,0,0,0,0,0,0,0,0,0,0,0,0,0,
1470,1,10/3/13,15:49:19,15:51:33,0,0,0,0,0,1,0,0,0,0,0,0,0,0,1,1,0,0,1,0,0,0,1,0,0,0,0,0,0,
1470,2,10/3/13,15:49:19,15:51:33,0,1,0,1,0,0,0,0,1,0,0,0,0,0,0,0,0,0,0,0,0,0,0,0,0,0,0,0,0,
1470,3,10/3/13,15:49:19,15:51:33,1,0,0,0,0,0,0,0,0,0,1,0,1,1,0,0,0,0,0,0,1,1,0,1,0,1,0,1,0,
1470,4,10/3/13,15:49:19,15:51:33,0,0,1,0,1,0,1,1,0,1,0,1,0,0,0,0,1,1,0,1,0,0,0,0,1,0,1,0,1,
1471,1,10/3/13,15:48:19,15:51:51,1,0,0,0,0,0,1,0,0,0,0,1,0,1,0,1,0,0,0,1,0,0,0,0,0,0,0,0,0,
1471,2,10/3/13,15:48:19,15:51:51,0,0,0,0,0,0,0,0,0,0,0,0,1,0,0,0,0,0,0,0,0,0,0,0,0,0,0,1,1,
1471,3,10/3/13,15:48:19,15:51:51,0,0,0,0,0,1,0,0,1,1,1,0,0,0,1,0,0,0,1,0,0,0,1,0,0,0,0,0,0,
1471,4,10/3/13,15:48:19,15:51:51,0,1,1,1,0,0,0,1,0,0,0,0,0,0,0,0,0,0,0,0,0,0,0,0,0,1,0,0,0,
1471,5,10/3/13,15:48:19,15:51:51,0,0,0,0,1,0,0,0,0,0,0,0,0,0,0,0,1,1,0,0,1,1,0,1,1,0,1,0,0,
1472,1,10/3/13,15:50:28,15:52:14,1,1,0,0,0,1,1,1,1,1,1,0,0,0,0,0,0,0,0,1,1,0,1,0,0,1,1,0,0,
1472,2,10/3/13,15:50:28,15:52:14,0,0,1,1,1,0,0,0,0,0,0,1,1,1,1,1,1,1,1,0,0,1,0,1,1,0,0,1,1,
1473,1,10/3/13,15:48:13,15:52:27,1,0,0,0,1,0,0,0,0,0,0,0,0,0,1,0,0,0,0,0,0,1,0,0,0,1,0,0,0,
1473,2,10/3/13,15:48:13,15:52:27,0,1,0,0,0,1,1,0,0,0,0,0,0,0,0,0,0,1,0,0,0,0,1,0,0,0,0,0,0,
1473,3,10/3/13,15:48:13,15:52:27,0,0,0,0,0,0,0,0,0,0,0,0,0,1,0,0,0,0,0,0,1,0,0,0,1,0,0,1,1,
1473,4,10/3/13,15:48:13,15:52:27,0,0,0,0,0,0,0,1,0,0,0,0,0,0,0,1,1,0,0,1,0,0,0,0,0,0,1,0,0,
1473,5,10/3/13,15:48:13,15:52:27,0,0,1,1,0,0,0,0,1,1,1,1,1,0,0,0,0,0,1,0,0,0,0,1,0,0,0,0,0,
1474,1,10/3/13,15:48:19,15:52:40,0,0,0,0,0,0,0,0,0,0,0,0,0,1,0,0,1,0,0,1,1,0,0,0,0,0,0,0,0,
1474,2,10/3/13,15:48:19,15:52:40,0,0,0,0,0,0,0,0,0,0,0,1,0,0,0,1,0,1,0,0,0,1,0,0,1,0,1,0,0,
1474,3,10/3/13,15:48:19,15:52:40,1,0,1,0,1,0,1,0,0,0,0,0,0,0,0,0,0,0,0,0,0,0,0,1,0,0,0,1,0,
1474,4,10/3/13,15:48:19,15:52:40,0,1,0,1,0,1,0,1,1,1,1,0,0,0,1,0,0,0,1,0,0,0,1,0,0,0,0,0,1,
1474,5,10/3/13,15:48:19,15:52:40,0,0,0,0,0,0,0,0,0,0,0,0,1,0,0,0,0,0,0,0,0,0,0,0,0,1,0,0,0,
1475,1,10/3/13,15:55:06,15:59:07,1,0,0,0,0,0,1,1,1,0,1,1,0,0,1,0,0,0,0,0,0,0,1,0,0,0,1,1,0,
1475,2,10/3/13,15:55:06,15:59:07,0,0,0,0,0,1,0,0,0,0,0,0,0,0,0,0,0,0,1,0,0,0,0,0,0,0,0,0,1,
1475,3,10/3/13,15:55:06,15:59:07,0,0,1,0,1,0,0,0,0,0,0,0,0,1,0,0,0,0,0,1,1,0,0,0,1,0,0,0,0,
1475,4,10/3/13,15:55:06,15:59:07,0,1,0,0,0,0,0,0,0,0,0,0,0,0,0,0,0,1,0,0,0,1,0,1,0,0,0,0,0,
1475,5,10/3/13,15:55:06,15:59:07,0,0,0,1,0,0,0,0,0,1,0,0,1,0,0,1,1,0,0,0,0,0,0,0,0,1,0,0,0,
1476,1,10/4/13,9:27:14,9:30:12,0,0,0,0,0,0,0,0,0,0,0,0,0,1,1,0,0,0,1,1,1,1,1,0,1,1,1,1,0,
1476,2,10/4/13,9:27:14,9:30:12,1,1,1,0,1,1,1,1,0,0,0,0,0,0,0,1,0,0,0,0,0,0,0,0,0,0,0,0,0,
1476,3,10/4/13,9:27:14,9:30:12,0,0,0,1,0,0,0,0,1,1,1,1,1,0,0,0,1,1,0,0,0,0,0,1,0,0,0,0,1,
1477,1,10/4/13,9:30:18,9:31:56,1,0,0,0,1,0,1,0,1,0,1,1,0,1,0,1,1,0,0,1,1,0,0,0,0,1,0,0,0,
1477,2,10/4/13,9:30:18,9:31:56,0,0,1,0,0,1,0,0,0,1,0,0,0,0,1,0,0,1,1,0,0,0,1,0,0,0,0,1,0,
1477,3,10/4/13,9:30:18,9:31:56,0,1,0,1,0,0,0,1,0,0,0,0,1,0,0,0,0,0,0,0,0,1,0,1,1,0,1,0,1,
1478,1,10/4/13,9:30:38,9:32:41,0,0,0,0,0,0,0,0,0,0,0,0,0,0,0,0,0,0,0,0,0,0,0,0,0,1,1,1,0,
1478,2,10/4/13,9:30:38,9:32:41,0,0,0,0,0,0,0,0,0,0,0,0,0,1,0,0,0,0,1,1,0,0,0,0,0,0,0,0,0,
1478,3,10/4/13,9:30:38,9:32:41,1,1,1,1,1,1,1,1,1,1,1,1,1,0,1,1,1,1,0,0,1,1,1,1,1,0,0,0,1,
1479,1,10/4/13,9:32:07,9:35:21,0,0,0,0,0,0,0,0,0,0,0,0,0,1,1,1,0,0,1,1,0,1,1,0,1,0,0,0,0,
1479,2,10/4/13,9:32:07,9:35:21,0,0,0,0,0,0,0,0,1,0,1,0,1,0,0,0,0,0,0,0,1,0,0,0,0,1,1,0,0,
1479,3,10/4/13,9:32:07,9:35:21,1,1,1,1,1,1,1,1,0,1,0,1,0,0,0,0,1,1,0,0,0,0,0,1,0,0,0,1,1,
1481,1,10/4/13,9:34:40,9:37:00,0,0,1,0,0,0,1,0,0,0,0,0,0,1,0,1,0,0,0,1,0,0,0,0,0,0,0,0,0,
1481,2,10/4/13,9:34:40,9:37:00,0,0,0,0,0,0,0,0,0,0,0,0,0,0,0,0,0,0,0,0,1,1,0,1,1,1,0,0,0,
1481,3,10/4/13,9:34:40,9:37:00,1,0,0,0,1,0,0,1,0,0,0,1,1,0,0,0,0,1,0,0,0,0,0,0,0,0,0,1,0,
1481,4,10/4/13,9:34:40,9:37:00,0,1,0,1,0,1,0,0,1,1,1,0,0,0,1,0,1,0,1,0,0,0,1,0,0,0,1,0,1,
1482,1,10/4/13,9:34:58,9:37:12,0,0,0,0,0,1,0,1,1,0,1,0,0,0,0,0,0,0,0,0,0,0,0,0,0,0,0,0,1,
1482,2,10/4/13,9:34:58,9:37:12,1,1,0,1,1,0,1,0,0,1,0,0,0,0,0,0,0,0,0,0,0,0,0,0,0,0,0,1,0,
1482,3,10/4/13,9:34:58,9:37:12,0,0,1,0,0,0,0,0,0,0,0,1,0,1,1,0,0,0,1,0,0,0,1,0,0,0,0,0,0,
1482,4,10/4/13,9:34:58,9:37:12,0,0,0,0,0,0,0,0,0,0,0,0,1,0,0,1,1,1,0,1,1,1,0,1,1,1,1,0,0,
1483,1,10/4/13,9:36:15,9:38:08,0,0,0,0,0,0,0,0,0,0,0,0,0,1,0,0,0,1,0,1,0,1,0,0,1,1,1,1,0,
1483,2,10/4/13,9:36:15,9:38:08,1,0,1,0,1,0,1,0,0,0,0,1,0,0,0,1,0,0,0,0,0,0,0,0,0,0,0,0,1,
1483,3,10/4/13,9:36:15,9:38:08,0,1,0,1,0,1,0,1,1,1,1,0,1,0,1,0,1,0,1,0,1,0,1,1,0,0,0,0,0,
1484,1,10/4/13,9:41:55,9:45:05,0,0,0,0,0,0,0,1,0,0,1,0,0,1,0,0,0,1,1,1,0,0,1,1,0,0,0,0,0,
1484,2,10/4/13,9:41:55,9:45:05,1,1,1,0,1,0,1,0,1,1,0,1,0,0,1,0,0,0,0,0,0,1,0,0,0,1,1,1,1,
1484,3,10/4/13,9:41:55,9:45:05,0,0,0,1,0,1,0,0,0,0,0,0,0,0,0,1,0,0,0,0,0,0,0,0,1,0,0,0,0,
1484,4,10/4/13,9:41:55,9:45:05,0,0,0,0,0,0,0,0,0,0,0,0,1,0,0,0,1,0,0,0,1,0,0,0,0,0,0,0,0,
1485,1,10/4/13,10:47:09,10:49:55,0,0,0,0,0,0,0,0,0,0,1,0,0,0,1,0,0,0,1,0,0,0,1,0,0,0,0,0,0,
1485,2,10/4/13,10:47:09,10:49:55,1,1,1,1,0,0,0,0,0,0,0,0,0,0,0,0,0,0,0,0,0,0,0,0,0,0,0,0,0,
1485,3,10/4/13,10:47:09,10:49:55,0,0,0,0,1,1,1,1,0,0,0,0,0,0,0,0,0,0,0,0,0,0,0,0,0,0,0,0,1,
1485,4,10/4/13,10:47:09,10:49:55,0,0,0,0,0,0,0,0,1,1,0,0,1,0,0,0,0,0,0,0,0,0,0,0,0,1,0,0,0,
1485,5,10/4/13,10:47:09,10:49:55,0,0,0,0,0,0,0,0,0,0,0,1,0,1,0,1,1,1,0,1,1,1,0,1,1,0,1,1,0,
1486,1,10/4/13,10:46:27,10:50:10,0,0,0,0,0,0,0,0,0,0,0,0,0,1,0,0,0,0,0,1,0,0,0,0,0,1,0,1,0,
1486,2,10/4/13,10:46:27,10:50:10,0,0,0,0,0,0,0,0,0,0,0,0,0,0,0,1,0,0,0,0,1,0,0,1,0,0,0,0,0,
1486,3,10/4/13,10:46:27,10:50:10,0,0,0,0,0,0,0,0,0,0,0,1,0,0,1,0,0,0,0,0,0,0,0,0,1,0,0,0,0,
1486,4,10/4/13,10:46:27,10:50:10,0,0,0,0,0,0,0,0,0,0,0,0,0,0,0,0,0,0,1,0,0,0,0,0,0,0,1,0,0,
1486,5,10/4/13,10:46:27,10:50:10,1,0,1,0,1,0,1,0,0,0,1,0,0,0,0,0,0,0,0,0,0,1,0,0,0,0,0,0,0,
1486,6,10/4/13,10:46:27,10:50:10,0,1,0,1,0,1,0,1,1,1,0,0,1,0,0,0,1,1,0,0,0,0,1,0,0,0,0,0,1,
1487,1,10/4/13,10:48:08,10:50:28,1,0,1,0,0,0,1,0,0,0,0,0,0,0,1,1,0,0,0,0,0,1,0,1,1,0,0,0,1,
1487,2,10/4/13,10:48:08,10:50:28,0,1,0,1,0,0,0,0,0,0,0,1,0,0,0,0,0,0,0,0,1,0,0,0,0,1,0,0,0,
1487,3,10/4/13,10:48:08,10:50:28,0,0,0,0,0,0,0,1,0,0,0,0,0,0,0,0,1,0,0,0,0,0,0,0,0,0,0,0,0,
1487,4,10/4/13,10:48:08,10:50:28,0,0,0,0,0,1,0,0,0,1,1,0,0,0,0,0,0,0,0,0,0,0,1,0,0,0,1,0,0,
1487,5,10/4/13,10:48:08,10:50:28,0,0,0,0,1,0,0,0,1,0,0,0,1,1,0,0,0,1,1,1,0,0,0,0,0,0,0,1,0,
1488,1,10/4/13,10:48:45,10:50:36,0,0,1,0,0,0,1,0,0,0,1,0,0,1,0,1,0,1,1,1,1,0,0,1,0,0,1,1,0,
1488,2,10/4/13,10:48:45,10:50:36,1,0,0,0,1,0,0,0,0,0,0,1,0,0,0,0,0,0,0,0,0,1,0,0,1,1,0,0,0,
1488,3,10/4/13,10:48:45,10:50:36,0,1,0,1,0,1,0,1,1,1,0,0,1,0,1,0,1,0,0,0,0,0,1,0,0,0,0,0,1,
1489,1,10/4/13,10:48:50,10:50:37,0,0,0,0,0,0,1,0,0,0,0,1,0,0,0,0,0,0,0,0,1,1,0,1,1,0,1,1,0,
1489,2,10/4/13,10:48:50,10:50:37,0,0,0,0,0,0,0,0,0,0,1,0,0,1,0,0,0,1,0,0,0,0,0,0,0,1,0,0,1,
1489,3,10/4/13,10:48:50,10:50:37,1,0,1,1,1,0,0,1,1,1,0,0,1,0,0,1,0,0,1,0,0,0,1,0,0,0,0,0,0,
1489,4,10/4/13,10:48:50,10:50:37,0,1,0,0,0,1,0,0,0,0,0,0,0,0,1,0,1,0,0,1,0,0,0,0,0,0,0,0,0,
1490,1,10/4/13,10:47:23,10:51:55,0,0,0,0,1,0,1,1,0,0,0,0,0,0,1,1,0,0,1,0,1,0,1,0,0,0,0,0,1,
1490,2,10/4/13,10:47:23,10:51:55,0,0,0,0,0,0,0,0,0,0,0,0,0,1,0,0,0,1,0,1,0,0,0,0,0,0,1,1,0,
1490,3,10/4/13,10:47:23,10:51:55,1,1,1,1,0,0,0,0,0,0,0,0,0,0,0,0,0,0,0,0,0,0,0,0,0,1,0,0,0,
1490,4,10/4/13,10:47:23,10:51:55,0,0,0,0,0,1,0,0,1,1,1,1,1,0,0,0,1,0,0,0,0,1,0,1,1,0,0,0,0,
1491,1,10/4/13,10:48:09,10:52:08,0,0,1,0,0,0,1,0,0,0,0,1,0,0,1,0,0,0,1,0,0,0,0,0,0,1,0,0,0,
1491,2,10/4/13,10:48:09,10:52:08,1,0,0,0,1,0,0,0,0,0,0,0,0,1,0,1,0,0,0,1,0,0,1,1,0,0,1,1,0,
1491,3,10/4/13,10:48:09,10:52:08,0,0,0,0,0,0,0,0,1,0,0,0,0,0,0,0,0,0,0,0,0,0,0,0,1,0,0,0,1,
1491,4,10/4/13,10:48:09,10:52:08,0,0,0,0,0,0,0,1,0,0,1,0,0,0,0,0,0,0,0,0,1,1,0,0,0,0,0,0,0,
1491,5,10/4/13,10:48:09,10:52:08,0,1,0,1,0,1,0,0,0,1,0,0,1,0,0,0,1,1,0,0,0,0,0,0,0,0,0,0,0,
1493,1,10/4/13,10:48:46,10:52:37,0,0,0,0,0,1,0,0,0,0,0,0,0,0,0,0,0,0,0,0,1,0,1,1,0,0,0,0,0,
1493,2,10/4/13,10:48:46,10:52:37,0,1,0,0,0,0,0,1,0,0,0,0,0,0,0,0,0,0,1,0,0,0,0,0,1,0,0,1,0,
1493,3,10/4/13,10:48:46,10:52:37,1,0,0,0,0,0,0,0,0,0,0,0,0,0,1,0,1,1,0,1,0,0,0,0,0,0,1,0,0,
1493,4,10/4/13,10:48:46,10:52:37,0,0,1,0,0,0,0,0,0,0,0,0,1,1,0,0,0,0,0,0,0,0,0,0,0,0,0,0,1,
1493,5,10/4/13,10:48:46,10:52:37,0,0,0,1,1,0,1,0,1,1,1,1,0,0,0,1,0,0,0,0,0,1,0,0,0,1,0,0,0,
1494,1,10/4/13,10:49:33,10:53:34,0,0,0,0,1,0,1,1,0,1,0,1,1,0,1,0,0,0,1,1,1,1,0,1,0,1,0,1,0,
1494,2,10/4/13,10:49:33,10:53:34,1,1,1,1,0,1,0,0,1,0,1,0,0,1,0,1,1,1,0,0,0,0,1,0,1,0,1,0,1,
1495,1,10/4/13,10:49:46,10:53:54,0,0,1,0,1,0,1,0,0,0,0,0,0,0,0,0,0,0,0,1,0,0,0,0,0,0,1,0,0,
1495,2,10/4/13,10:49:46,10:53:54,1,0,0,0,0,0,0,0,0,0,0,0,0,1,0,0,0,0,1,0,0,1,0,1,1,0,0,1,0,
1495,3,10/4/13,10:49:46,10:53:54,0,0,0,0,0,0,0,0,1,0,1,1,1,0,1,1,0,1,0,0,0,0,0,0,0,0,0,0,0,
1495,4,10/4/13,10:49:46,10:53:54,0,0,0,0,0,0,0,1,0,1,0,0,0,0,0,0,1,0,0,0,1,0,1,0,0,1,0,0,0,
1495,5,10/4/13,10:49:46,10:53:54,0,1,0,1,0,1,0,0,0,0,0,0,0,0,0,0,0,0,0,0,0,0,0,0,0,0,0,0,1,
1496,1,10/4/13,10:52:56,10:55:23,1,0,0,0,0,1,1,1,1,1,0,1,0,0,0,0,0,0,0,0,0,0,0,0,0,1,0,0,1,
1496,2,10/4/13,10:52:56,10:55:23,0,0,0,0,1,0,0,0,0,0,0,0,0,1,1,1,0,1,0,0,0,1,1,0,0,0,0,0,0,
1496,3,10/4/13,10:52:56,10:55:23,0,0,1,0,0,0,0,0,0,0,1,0,0,0,0,0,1,0,1,1,1,0,0,0,1,0,1,1,0,
1496,4,10/4/13,10:52:56,10:55:23,0,1,0,1,0,0,0,0,0,0,0,0,1,0,0,0,0,0,0,0,0,0,0,1,0,0,0,0,0,
1497,1,10/4/13,10:53:01,11:00:10,0,0,0,0,1,0,1,1,0,0,0,0,0,0,0,0,0,0,1,0,0,0,0,0,0,0,0,0,0,
1497,2,10/4/13,10:53:01,11:00:10,1,0,0,0,0,0,0,0,0,0,1,0,0,0,0,0,0,0,0,0,0,0,0,0,0,0,0,1,1,
1497,3,10/4/13,10:53:01,11:00:10,0,0,1,0,0,1,0,0,0,0,0,1,0,0,0,0,0,0,0,1,0,0,1,0,0,1,0,0,0,
1497,4,10/4/13,10:53:01,11:00:10,0,0,0,0,0,0,0,0,1,0,0,0,0,1,1,0,0,0,0,0,0,0,0,0,0,0,1,0,0,
1497,5,10/4/13,10:53:01,11:00:10,0,1,0,0,0,0,0,0,0,0,0,0,1,0,0,1,0,0,0,0,0,1,0,1,1,0,0,0,0,
1497,6,10/4/13,10:53:01,11:00:10,0,0,0,1,0,0,0,0,0,1,0,0,0,0,0,0,1,1,0,0,1,0,0,0,0,0,0,0,0,
1498,1,10/4/13,12:00:06,12:02:22,0,0,0,0,0,0,0,0,0,0,0,0,0,1,0,1,0,1,0,1,0,0,0,0,0,1,0,0,0,
1498,2,10/4/13,12:00:06,12:02:22,1,0,1,0,1,0,1,0,0,0,0,0,0,0,0,0,0,0,0,0,0,0,0,0,0,0,0,0,0,
1498,3,10/4/13,12:00:06,12:02:22,0,0,0,0,0,0,0,0,0,0,0,0,1,0,1,0,0,0,1,0,0,0,1,0,0,0,1,1,0,
1498,4,10/4/13,12:00:06,12:02:22,0,1,0,1,0,1,0,1,1,1,1,1,0,0,0,0,1,0,0,0,1,1,0,1,1,0,0,0,1,
1499,1,10/4/13,12:01:46,12:03:17,1,1,0,0,0,0,0,0,0,0,0,0,0,0,1,0,0,1,1,1,0,1,0,1,1,0,1,1,0,
1499,2,10/4/13,12:01:46,12:03:17,0,0,0,0,1,1,1,1,1,0,1,1,0,0,0,1,0,0,0,0,0,0,1,0,0,1,0,0,1,
1499,3,10/4/13,12:01:46,12:03:17,0,0,1,1,0,0,0,0,0,1,0,0,1,1,0,0,1,0,0,0,1,0,0,0,0,0,0,0,0,
1501,1,10/4/13,12:06:09,12:08:59,0,0,0,0,0,0,0,0,0,0,0,1,0,1,0,1,0,0,0,1,0,0,0,0,0,0,0,0,0,
1501,2,10/4/13,12:06:09,12:08:59,0,0,0,0,0,0,1,0,0,0,0,0,0,0,0,0,0,0,0,0,0,0,0,0,0,0,0,0,0,
1501,3,10/4/13,12:06:09,12:08:59,1,1,1,1,1,1,0,1,1,1,1,0,1,0,1,0,1,1,1,0,1,1,1,1,1,1,1,1,1,
1502,1,10/4/13,12:14:05,12:18:13,0,0,0,0,1,0,0,0,0,0,1,1,0,0,0,0,0,0,0,0,1,0,0,0,0,0,0,0,0,
1502,2,10/4/13,12:14:05,12:18:13,0,0,1,0,0,0,1,0,0,0,0,0,1,1,0,1,1,0,0,0,0,1,0,0,0,1,0,0,0,
1502,3,10/4/13,12:14:05,12:18:13,1,1,0,1,0,0,0,0,0,0,0,0,0,0,0,0,0,0,0,0,0,0,0,1,1,0,1,1,1,
1502,4,10/4/13,12:14:05,12:18:13,0,0,0,0,0,1,0,0,1,1,0,0,0,0,1,0,0,0,0,0,0,0,1,0,0,0,0,0,0,
1502,5,10/4/13,12:14:05,12:18:13,0,0,0,0,0,0,0,1,0,0,0,0,0,0,0,0,0,1,1,1,0,0,0,0,0,0,0,0,0,
1503,1,10/4/13,13:18:23,13:20:25,1,0,1,0,0,0,1,0,0,0,0,1,0,0,1,1,0,0,0,0,0,0,0,0,0,1,0,1,0,
1503,2,10/4/13,13:18:23,13:20:25,0,0,0,0,0,0,0,0,0,0,0,0,1,1,0,0,0,1,0,1,0,0,1,0,0,0,0,0,0,
1503,3,10/4/13,13:18:23,13:20:25,0,1,0,1,1,1,0,1,1,1,1,0,0,0,0,0,1,0,1,0,1,1,0,1,1,0,1,0,1,
1504,1,10/4/13,13:18:32,13:20:40,1,0,1,0,0,0,1,0,0,0,1,1,0,1,0,1,0,0,0,0,0,0,0,0,0,1,0,1,0,
1504,2,10/4/13,13:18:32,13:20:40,0,0,0,1,1,0,0,0,0,0,0,0,1,0,1,0,0,0,0,1,0,1,1,1,1,0,1,0,0,
1504,3,10/4/13,13:18:32,13:20:40,0,1,0,0,0,1,0,1,1,1,0,0,0,0,0,0,1,1,1,0,1,0,0,0,0,0,0,0,1,
1505,1,10/4/13,13:18:30,13:20:45,0,0,0,0,0,0,0,0,0,0,0,0,0,0,1,0,0,0,1,0,0,0,1,0,0,1,0,0,0,
1505,2,10/4/13,13:18:30,13:20:45,0,0,0,0,0,1,0,0,0,0,0,0,0,0,0,0,0,1,0,0,1,1,0,0,0,0,1,1,0,
1505,3,10/4/13,13:18:30,13:20:45,0,0,0,0,1,0,1,1,1,0,0,1,0,1,0,0,0,0,0,1,0,0,0,0,1,0,0,0,1,
1505,4,10/4/13,13:18:30,13:20:45,1,1,1,1,0,0,0,0,0,1,1,0,1,0,0,1,1,0,0,0,0,0,0,1,0,0,0,0,0,
1506,1,10/4/13,13:18:48,13:20:50,0,0,0,0,1,0,0,0,0,0,1,1,0,0,0,1,0,0,1,1,1,0,0,0,0,1,1,0,0,
1506,2,10/4/13,13:18:48,13:20:50,0,0,1,0,0,0,0,0,0,0,0,0,0,1,0,0,0,0,0,0,0,1,0,1,1,0,0,1,0,
1506,3,10/4/13,13:18:48,13:20:50,0,1,0,0,0,0,0,0,0,1,0,0,0,0,1,0,0,0,0,0,0,0,1,0,0,0,0,0,0,
1506,4,10/4/13,13:18:48,13:20:50,1,0,0,1,0,1,1,1,0,0,0,0,0,0,0,0,0,0,0,0,0,0,0,0,0,0,0,0,1,
1506,5,10/4/13,13:18:48,13:20:50,0,0,0,0,0,0,0,0,1,0,0,0,1,0,0,0,1,1,0,0,0,0,0,0,0,0,0,0,0,
1507,1,10/4/13,13:18:39,13:21:17,1,0,1,0,0,0,0,0,0,0,0,0,0,0,0,0,0,0,1,1,0,1,0,1,1,0,1,1,0,
1507,2,10/4/13,13:18:39,13:21:17,0,0,0,0,1,0,1,0,0,0,0,0,1,1,1,1,0,1,0,0,1,0,0,0,0,1,0,0,0,
1507,3,10/4/13,13:18:39,13:21:17,0,1,0,1,0,1,0,1,1,1,1,1,0,0,0,0,1,0,0,0,0,0,1,0,0,0,0,0,1,
1508,1,10/4/13,13:19:26,13:22:16,0,0,1,0,0,0,0,0,0,0,1,0,0,1,1,1,0,1,1,0,0,0,0,1,0,0,0,0,0,
1508,2,10/4/13,13:19:26,13:22:16,1,0,0,0,0,0,1,1,0,0,0,1,0,0,0,0,0,0,0,1,0,0,0,0,0,0,0,0,0,
1508,3,10/4/13,13:19:26,13:22:16,0,1,0,1,1,1,0,0,1,1,0,0,1,0,0,0,1,0,0,0,1,1,1,0,1,1,1,1,1,
1509,3,10/4/13,13:18:15,13:22:18,0,0,0,0,0,1,0,0,1,0,0,0,0,0,1,0,0,0,1,0,0,0,1,0,0,0,0,0,0,
1509,4,10/4/13,13:18:15,13:22:18,0,0,1,0,0,0,0,0,0,0,0,0,0,0,0,0,0,0,0,0,0,0,0,1,0,0,0,0,0,
1510,1,10/4/13,13:18:45,13:22:28,0,0,0,0,0,0,0,0,0,0,0,0,0,1,0,0,0,0,0,1,1,0,0,0,0,0,0,0,0,
1510,2,10/4/13,13:18:45,13:22:28,0,0,0,0,1,0,1,0,0,0,0,0,0,0,1,1,0,0,0,0,0,1,0,0,0,1,0,0,0,
1510,3,10/4/13,13:18:45,13:22:28,1,0,1,0,0,0,0,0,0,0,0,1,0,0,0,0,0,0,1,0,0,0,1,1,1,0,0,0,0,
1510,4,10/4/13,13:18:45,13:22:28,0,0,0,1,0,1,0,0,1,0,1,0,0,0,0,0,0,0,0,0,0,0,0,0,0,0,1,0,0,
1510,5,10/4/13,13:18:45,13:22:28,0,1,0,0,0,0,0,1,0,1,0,0,1,0,0,0,1,1,0,0,0,0,0,0,0,0,0,1,1,
1511,1,10/4/13,13:19:57,13:22:47,0,0,0,0,1,0,0,0,0,0,0,0,0,0,0,0,0,0,0,0,0,1,0,1,1,0,1,1,0,
1511,2,10/4/13,13:19:57,13:22:47,1,0,1,0,0,1,1,0,1,0,1,0,0,0,0,0,0,0,0,0,0,0,0,0,0,1,0,0,1,
1511,3,10/4/13,13:19:57,13:22:47,0,1,0,0,0,0,0,1,0,0,0,0,1,0,1,0,1,1,1,0,1,0,1,0,0,0,0,0,0,
1511,4,10/4/13,13:19:57,13:22:47,0,0,0,1,0,0,0,0,0,1,0,1,0,1,0,1,0,0,0,1,0,0,0,0,0,0,0,0,0,
1512,1,10/4/13,13:19:17,13:23:04,0,0,0,0,0,0,0,0,0,0,0,0,0,0,0,0,0,0,0,0,0,0,0,0,0,0,1,1,0,
1512,2,10/4/13,13:19:17,13:23:04,0,0,0,0,0,0,0,0,0,0,0,0,0,0,1,0,0,1,1,0,1,1,1,1,1,0,0,0,0,
1512,3,10/4/13,13:19:17,13:23:04,0,0,0,0,0,0,0,0,0,0,0,0,0,1,0,1,0,0,0,1,0,0,0,0,0,0,0,0,0,
1512,4,10/4/13,13:19:17,13:23:04,0,0,0,0,1,1,1,1,0,0,0,0,0,0,0,0,0,0,0,0,0,0,0,0,0,0,0,0,1,
1512,5,10/4/13,13:19:17,13:23:04,1,1,1,1,0,0,0,0,1,1,1,1,1,0,0,0,1,0,0,0,0,0,0,0,0,1,0,0,0,
1513,1,10/4/13,13:20:44,13:23:26,1,0,1,0,0,0,1,0,0,0,1,1,0,1,1,0,0,0,1,1,0,1,0,1,1,1,1,1,0,
1513,2,10/4/13,13:20:44,13:23:26,0,1,0,1,1,1,0,1,1,1,0,0,1,0,0,1,1,1,0,0,1,0,1,0,0,0,0,0,1,
1514,1,10/4/13,13:23:14,13:25:08,0,1,0,0,1,0,1,1,0,0,1,0,0,0,1,0,0,0,0,0,0,1,1,0,1,0,1,1,0,
1514,2,10/4/13,13:23:14,13:25:08,0,0,0,0,0,1,0,0,0,1,0,0,0,1,0,0,0,0,0,1,0,0,0,1,0,0,0,0,0,
1514,3,10/4/13,13:23:14,13:25:08,0,0,0,0,0,0,0,0,1,0,0,0,1,0,0,0,0,0,1,0,0,0,0,0,0,0,0,0,1,
1514,4,10/4/13,13:23:14,13:25:08,1,0,1,1,0,0,0,0,0,0,0,1,0,0,0,1,1,1,0,0,1,0,0,0,0,1,0,0,0,
1516,1,10/4/13,14:28:25,14:31:18,1,1,0,0,0,1,0,1,0,0,0,0,0,0,0,0,0,0,0,0,0,0,0,0,0,1,0,0,1,
1516,2,10/4/13,14:28:25,14:31:18,0,0,0,1,1,0,0,0,0,0,1,0,0,0,0,0,1,1,1,0,1,0,1,0,0,0,0,0,0,
1516,3,10/4/13,14:28:25,14:31:18,0,0,0,0,0,0,1,0,1,1,0,0,0,0,1,0,0,0,0,1,0,1,0,1,0,0,0,1,0,
1516,4,10/4/13,14:28:25,14:31:18,0,0,1,0,0,0,0,0,0,0,0,1,1,1,0,1,0,0,0,0,0,0,0,0,1,0,1,0,0,
1517,1,10/4/13,14:29:28,14:31:20,1,1,1,1,0,1,1,0,1,1,0,1,0,1,1,0,0,0,1,1,1,0,1,0,1,1,0,0,1,
1517,2,10/4/13,14:29:28,14:31:20,0,0,0,0,1,0,0,1,0,0,1,0,1,0,0,1,1,1,0,0,0,1,0,1,0,0,1,1,0,
1518,1,10/4/13,14:29:47,14:31:40,0,0,0,0,1,0,1,1,0,0,0,0,0,1,0,0,0,0,0,1,0,1,0,0,1,1,1,1,0,
1518,2,10/4/13,14:29:47,14:31:40,0,0,1,0,0,0,0,0,1,1,1,1,0,0,1,1,0,0,1,0,1,0,0,1,0,0,0,0,1,
1518,3,10/4/13,14:29:47,14:31:40,1,1,0,1,0,1,0,0,0,0,0,0,1,0,0,0,1,1,0,0,0,0,1,0,0,0,0,0,0,
1519,1,10/4/13,14:29:28,14:31:42,0,1,0,0,1,0,0,0,0,0,0,0,0,0,1,0,0,0,0,0,0,0,0,0,0,0,0,0,0,
1519,2,10/4/13,14:29:28,14:31:42,1,0,0,1,0,0,1,0,0,0,0,0,0,0,0,0,0,0,0,0,0,0,0,1,1,1,0,0,0,
1519,3,10/4/13,14:29:28,14:31:42,0,0,1,0,0,1,0,0,0,0,0,0,0,1,0,1,0,0,1,0,1,1,1,0,0,0,1,1,1,
1519,4,10/4/13,14:29:28,14:31:42,0,0,0,0,0,0,0,1,1,1,1,1,1,0,0,0,1,1,0,1,0,0,0,0,0,0,0,0,0,
1520,1,10/4/13,14:33:20,14:36:00,1,0,1,0,0,0,0,0,0,0,0,0,0,0,0,0,0,1,0,0,1,1,0,1,0,1,1,1,0,
1520,2,10/4/13,14:33:20,14:36:00,0,0,0,0,0,1,0,0,1,1,1,0,0,0,1,0,0,0,1,0,0,0,1,0,0,0,0,0,0,
1520,3,10/4/13,14:33:20,14:36:00,0,1,0,1,0,0,0,1,0,0,0,0,0,0,0,0,0,0,0,0,0,0,0,0,0,0,0,0,1,
1520,4,10/4/13,14:33:20,14:36:00,0,0,0,0,1,0,1,0,0,0,0,1,1,1,0,1,1,0,0,1,0,0,0,0,1,0,0,0,0,
1521,1,10/4/13,14:36:50,14:39:22,0,0,0,0,0,0,0,0,0,0,0,0,0,0,0,0,0,0,1,1,0,0,0,0,0,0,0,1,0,
1521,2,10/4/13,14:36:50,14:39:22,0,0,0,0,0,1,1,0,0,0,0,0,0,1,1,0,0,1,0,0,0,0,0,0,0,1,1,0,1,
1521,3,10/4/13,14:36:50,14:39:22,1,1,0,0,1,0,0,1,0,0,1,0,0,0,0,1,0,0,0,0,0,1,1,1,0,0,0,0,0,
1521,4,10/4/13,14:36:50,14:39:22,0,0,1,1,0,0,0,0,1,1,0,1,1,0,0,0,1,0,0,0,1,0,0,0,1,0,0,0,0,
1522,1,10/4/13,15:46:26,15:48:14,1,0,1,0,1,0,1,0,0,0,0,0,0,1,0,0,0,0,0,1,0,1,0,0,1,1,1,1,0,
1522,2,10/4/13,15:46:26,15:48:14,0,0,0,0,0,0,0,0,0,0,0,0,0,0,1,1,0,0,0,0,1,0,0,1,0,0,0,0,0,
1522,3,10/4/13,15:46:26,15:48:14,0,1,0,1,0,1,0,1,1,1,1,1,1,0,0,0,1,1,1,0,0,0,1,0,0,0,0,0,1,
1523,1,10/4/13,15:45:18,15:49:28,0,0,0,0,0,1,0,0,0,0,0,0,0,1,1,0,0,0,1,0,0,0,1,0,0,0,0,0,1,
1523,2,10/4/13,15:45:18,15:49:28,0,0,0,0,0,0,1,1,1,0,1,0,1,0,0,0,0,0,0,0,0,1,0,1,1,0,1,0,0,
1523,3,10/4/13,15:45:18,15:49:28,0,0,0,0,1,0,0,0,0,0,0,1,0,0,0,0,0,1,0,1,0,0,0,0,0,1,0,1,0,
1523,4,10/4/13,15:45:18,15:49:28,1,1,1,1,0,0,0,0,0,0,0,0,0,0,0,1,0,0,0,0,0,0,0,0,0,0,0,0,0,
1523,5,10/4/13,15:45:18,15:49:28,0,0,0,0,0,0,0,0,0,1,0,0,0,0,0,0,1,0,0,0,1,0,0,0,0,0,0,0,0,
1524,1,10/4/13,15:46:50,15:50:14,0,0,0,0,0,1,0,0,1,1,1,0,0,0,1,0,0,0,1,0,0,0,1,0,0,0,0,0,0,
1524,2,10/4/13,15:46:50,15:50:14,0,1,0,0,0,0,0,0,0,0,0,0,0,0,0,0,0,0,0,0,0,0,0,0,0,0,0,0,0,
1524,3,10/4/13,15:46:50,15:50:14,1,0,1,0,1,0,1,0,0,0,0,1,0,0,0,0,0,0,0,0,1,0,0,0,0,1,1,1,0,
1524,4,10/4/13,15:46:50,15:50:14,0,0,0,0,0,0,0,0,0,0,0,0,0,1,0,0,0,0,0,1,0,0,0,0,0,0,0,0,1,
1524,5,10/4/13,15:46:50,15:50:14,0,0,0,1,0,0,0,1,0,0,0,0,1,0,0,1,1,1,0,0,0,1,0,1,1,0,0,0,0,
1525,1,10/4/13,15:46:50,15:51:04,0,0,0,0,0,0,0,0,0,0,0,0,0,0,0,0,0,0,0,0,0,0,0,1,0,0,1,1,0,
1525,2,10/4/13,15:46:50,15:51:04,1,1,1,1,0,0,0,0,0,1,0,0,1,0,0,0,0,0,0,0,0,0,0,0,0,0,0,0,0,
1525,3,10/4/13,15:46:50,15:51:04,0,0,0,0,1,0,1,0,0,0,0,0,0,0,0,0,0,0,0,0,0,0,0,0,0,0,0,0,0,
1525,4,10/4/13,15:46:50,15:51:04,0,0,0,0,0,0,0,0,0,0,0,0,0,1,0,0,0,0,0,0,0,0,0,0,0,1,0,0,0,
1525,5,10/4/13,15:46:50,15:51:04,0,0,0,0,0,0,0,0,0,0,0,0,0,0,0,0,0,0,0,0,0,1,0,0,1,0,0,0,0,
1525,6,10/4/13,15:46:50,15:51:04,0,0,0,0,0,1,0,1,1,0,1,1,0,0,1,1,1,1,1,1,1,0,1,0,0,0,0,0,1,
1526,1,10/4/13,15:48:14,15:53:04,0,0,0,0,0,0,1,0,0,0,0,0,0,1,0,0,0,0,0,0,1,0,0,1,0,1,0,0,0,
1526,2,10/4/13,15:48:14,15:53:04,1,0,0,0,0,0,0,0,0,0,0,0,0,0,1,0,0,0,1,1,0,1,1,0,0,0,0,1,1,
1526,3,10/4/13,15:48:14,15:53:04,0,0,1,0,1,1,0,0,1,0,0,0,0,0,0,0,0,1,0,0,0,0,0,0,1,0,1,0,0,
1526,4,10/4/13,15:48:14,15:53:04,0,1,0,0,0,0,0,0,0,0,1,0,0,0,0,1,0,0,0,0,0,0,0,0,0,0,0,0,0,
1526,5,10/4/13,15:48:14,15:53:04,0,0,0,1,0,0,0,1,0,1,0,1,1,0,0,0,1,0,0,0,0,0,0,0,0,0,0,0,0,